id	url	http_code	content_type	size_download	url_effective	magic	is_pdf	result	sha256	body_path	headers_path	stderr_path
CORE-DL-PDF	https://core.ac.uk/download/pdf/82141950.pdf	503	text/html; charset=iso-8859-1	299	https://files01.core.ac.uk/reader/82141950	<!DOC	0	http_503	5764fed31b533e202f88d735a531f70a4ee3f66bb856afa4277872a758e6b578	data/external/intake/2026_02_15_cayley_dickson_sources/mirror_retries/2026_02_15_round3/raw/01_CORE-DL-PDF.bin	data/external/intake/2026_02_15_cayley_dickson_sources/mirror_retries/2026_02_15_round3/meta/01_CORE-DL-PDF.headers.txt	data/external/intake/2026_02_15_cayley_dickson_sources/mirror_retries/2026_02_15_round3/meta/01_CORE-DL-PDF.curl.err
CORE-DL-PDF-DL1	https://core.ac.uk/download/pdf/82141950.pdf?download=1	503	text/html; charset=iso-8859-1	299	https://files01.core.ac.uk/reader/82141950	<!DOC	0	http_503	5764fed31b533e202f88d735a531f70a4ee3f66bb856afa4277872a758e6b578	data/external/intake/2026_02_15_cayley_dickson_sources/mirror_retries/2026_02_15_round3/raw/02_CORE-DL-PDF-DL1.bin	data/external/intake/2026_02_15_cayley_dickson_sources/mirror_retries/2026_02_15_round3/meta/02_CORE-DL-PDF-DL1.headers.txt	data/external/intake/2026_02_15_cayley_dickson_sources/mirror_retries/2026_02_15_round3/meta/02_CORE-DL-PDF-DL1.curl.err
CORE-DL-PLAIN	https://core.ac.uk/download/82141950.pdf	503	text/html; charset=iso-8859-1	299	https://files01.core.ac.uk/reader/82141950	<!DOC	0	http_503	5764fed31b533e202f88d735a531f70a4ee3f66bb856afa4277872a758e6b578	data/external/intake/2026_02_15_cayley_dickson_sources/mirror_retries/2026_02_15_round3/raw/03_CORE-DL-PLAIN.bin	data/external/intake/2026_02_15_cayley_dickson_sources/mirror_retries/2026_02_15_round3/meta/03_CORE-DL-PLAIN.headers.txt	data/external/intake/2026_02_15_cayley_dickson_sources/mirror_retries/2026_02_15_round3/meta/03_CORE-DL-PLAIN.curl.err
CORE-READER	https://core.ac.uk/reader/82141950	200	text/html; charset=utf-8	2325	https://core.ac.uk/reader/82141950	<!DOC	0	ok_nonpdf	f9d1ee0b03a0a2c2a0541ae14c103c20ea38032c1a441367ca940c765d378155	data/external/intake/2026_02_15_cayley_dickson_sources/mirror_retries/2026_02_15_round3/raw/04_CORE-READER.bin	data/external/intake/2026_02_15_cayley_dickson_sources/mirror_retries/2026_02_15_round3/meta/04_CORE-READER.headers.txt	data/external/intake/2026_02_15_cayley_dickson_sources/mirror_retries/2026_02_15_round3/meta/04_CORE-READER.curl.err
CORE-DISPLAY	https://core.ac.uk/display/82141950	200	text/html; charset=utf-8	17187	https://core.ac.uk/outputs/82141950/	<!DOC	0	ok_nonpdf	6f5f07b4a8c8b05f2b37351c54f5112a7c98be280201d2d0131ff93fd58c9954	data/external/intake/2026_02_15_cayley_dickson_sources/mirror_retries/2026_02_15_round3/raw/05_CORE-DISPLAY.bin	data/external/intake/2026_02_15_cayley_dickson_sources/mirror_retries/2026_02_15_round3/meta/05_CORE-DISPLAY.headers.txt	data/external/intake/2026_02_15_cayley_dickson_sources/mirror_retries/2026_02_15_round3/meta/05_CORE-DISPLAY.curl.err
CORE-WORKS	https://core.ac.uk/works/82141950	200	text/html; charset=utf-8	17781	https://core.ac.uk/works/82141950/	<!DOC	0	ok_nonpdf	d0e8b9f5b6f436c3e5edb5b47c5dbe823ee801810696a40bb366f7134cf19c88	data/external/intake/2026_02_15_cayley_dickson_sources/mirror_retries/2026_02_15_round3/raw/06_CORE-WORKS.bin	data/external/intake/2026_02_15_cayley_dickson_sources/mirror_retries/2026_02_15_round3/meta/06_CORE-WORKS.headers.txt	data/external/intake/2026_02_15_cayley_dickson_sources/mirror_retries/2026_02_15_round3/meta/06_CORE-WORKS.curl.err
CORE-WEBARCHIVE	https://web.archive.org/web/*/https://core.ac.uk/download/pdf/82141950.pdf	200	text/html	35800	https://web.archive.org/web/*/https://core.ac.uk/download/pdf/82141950.pdf	<!DOC	0	ok_nonpdf	c4cbfb6421f092833fe6593ae61476f793b97356b8d0adb07a7fb3528ac2ea24	data/external/intake/2026_02_15_cayley_dickson_sources/mirror_retries/2026_02_15_round3/raw/07_CORE-WEBARCHIVE.bin	data/external/intake/2026_02_15_cayley_dickson_sources/mirror_retries/2026_02_15_round3/meta/07_CORE-WEBARCHIVE.headers.txt	data/external/intake/2026_02_15_cayley_dickson_sources/mirror_retries/2026_02_15_round3/meta/07_CORE-WEBARCHIVE.curl.err
SCISPACE-BROWN	https://scispace.com/papers/structure-of-zero-divisors-and-other-algebraic-structures-in-2dzr8sw00c	405	text/html; charset=UTF-8	2117	https://scispace.com/papers/structure-of-zero-divisors-and-other-algebraic-structures-in-2dzr8sw00c	<!DOC	0	http_405	333907d6857c8e14ac56cbd45a7b54dfb533b059331f52d301986ca054924681	data/external/intake/2026_02_15_cayley_dickson_sources/mirror_retries/2026_02_15_round3/raw/08_SCISPACE-BROWN.bin	data/external/intake/2026_02_15_cayley_dickson_sources/mirror_retries/2026_02_15_round3/meta/08_SCISPACE-BROWN.headers.txt	data/external/intake/2026_02_15_cayley_dickson_sources/mirror_retries/2026_02_15_round3/meta/08_SCISPACE-BROWN.curl.err
EAKIN-DOI	https://doi.org/10.1016/0021-8693(90)90221-9	200	text/html;charset=UTF-8	2669	https://linkinghub.elsevier.com/retrieve/pii/0021869390902219		0	ok_nonpdf	acf8480ab064f8c00992a0ad80b346a5cc7231ef23abd6e34c17eafc05f64057	data/external/intake/2026_02_15_cayley_dickson_sources/mirror_retries/2026_02_15_round3/raw/09_EAKIN-DOI.bin	data/external/intake/2026_02_15_cayley_dickson_sources/mirror_retries/2026_02_15_round3/meta/09_EAKIN-DOI.headers.txt	data/external/intake/2026_02_15_cayley_dickson_sources/mirror_retries/2026_02_15_round3/meta/09_EAKIN-DOI.curl.err
EAKIN-SD-PII-S	https://www.sciencedirect.com/science/article/pii/S0021869390902219	404	text/html	113911	https://www.sciencedirect.com/science/article/pii/S0021869390902219	<!DOC	0	http_404	51919f0e384b3d269e018125f741516edaad5f244a637dfb25cca1010a17d5d4	data/external/intake/2026_02_15_cayley_dickson_sources/mirror_retries/2026_02_15_round3/raw/10_EAKIN-SD-PII-S.bin	data/external/intake/2026_02_15_cayley_dickson_sources/mirror_retries/2026_02_15_round3/meta/10_EAKIN-SD-PII-S.headers.txt	data/external/intake/2026_02_15_cayley_dickson_sources/mirror_retries/2026_02_15_round3/meta/10_EAKIN-SD-PII-S.curl.err
EAKIN-SD-PII-NOS	https://www.sciencedirect.com/science/article/pii/0021869390902219	200	text/html; charset=utf-8	41510	https://www.sciencedirect.com/science/article/pii/0021869390902219	<!doc	0	ok_nonpdf	bb135f03fdca8ea9cf6fc2f4681387ede5f71bbf741c99600f7f56e19578f4a3	data/external/intake/2026_02_15_cayley_dickson_sources/mirror_retries/2026_02_15_round3/raw/11_EAKIN-SD-PII-NOS.bin	data/external/intake/2026_02_15_cayley_dickson_sources/mirror_retries/2026_02_15_round3/meta/11_EAKIN-SD-PII-NOS.headers.txt	data/external/intake/2026_02_15_cayley_dickson_sources/mirror_retries/2026_02_15_round3/meta/11_EAKIN-SD-PII-NOS.curl.err
EAKIN-SD-PII-S-PDFFT	https://www.sciencedirect.com/science/article/pii/S0021869390902219/pdfft	200	text/html	13690	https://www.sciencedirect.com/science/article/pii/S0021869390902219/pdfft	<!doc	0	ok_nonpdf	a6082a4bcac61eef31cbebeb8f333300344cd32ff3ca3b4410b84b21b47ff017	data/external/intake/2026_02_15_cayley_dickson_sources/mirror_retries/2026_02_15_round3/raw/12_EAKIN-SD-PII-S-PDFFT.bin	data/external/intake/2026_02_15_cayley_dickson_sources/mirror_retries/2026_02_15_round3/meta/12_EAKIN-SD-PII-S-PDFFT.headers.txt	data/external/intake/2026_02_15_cayley_dickson_sources/mirror_retries/2026_02_15_round3/meta/12_EAKIN-SD-PII-S-PDFFT.curl.err
EAKIN-SD-PII-S-PDFFT-DL	https://www.sciencedirect.com/science/article/pii/S0021869390902219/pdfft?isDTMRedir=true&download=true	200	text/html	13730	https://www.sciencedirect.com/science/article/pii/S0021869390902219/pdfft?isDTMRedir=true&download=true	<!doc	0	ok_nonpdf	2ad3b40a732f5d7b3023f0d93a822ef3bb27b5a203081d60df90697e75e8a5a1	data/external/intake/2026_02_15_cayley_dickson_sources/mirror_retries/2026_02_15_round3/raw/13_EAKIN-SD-PII-S-PDFFT-DL.bin	data/external/intake/2026_02_15_cayley_dickson_sources/mirror_retries/2026_02_15_round3/meta/13_EAKIN-SD-PII-S-PDFFT-DL.headers.txt	data/external/intake/2026_02_15_cayley_dickson_sources/mirror_retries/2026_02_15_round3/meta/13_EAKIN-SD-PII-S-PDFFT-DL.curl.err
EAKIN-SD-PII-NOS-PDFFT-DL	https://www.sciencedirect.com/science/article/pii/0021869390902219/pdfft?isDTMRedir=true&download=true	200	text/html	13739	https://www.sciencedirect.com/science/article/pii/0021869390902219/pdfft?isDTMRedir=true&download=true	<!doc	0	ok_nonpdf	3a842f55f68a16422732822f541b60c40eb1d0685b1d8121526a853e321354c9	data/external/intake/2026_02_15_cayley_dickson_sources/mirror_retries/2026_02_15_round3/raw/14_EAKIN-SD-PII-NOS-PDFFT-DL.bin	data/external/intake/2026_02_15_cayley_dickson_sources/mirror_retries/2026_02_15_round3/meta/14_EAKIN-SD-PII-NOS-PDFFT-DL.headers.txt	data/external/intake/2026_02_15_cayley_dickson_sources/mirror_retries/2026_02_15_round3/meta/14_EAKIN-SD-PII-NOS-PDFFT-DL.curl.err
EAKIN-SD-PII-NOS-PDF	https://www.sciencedirect.com/science/article/pii/0021869390902219/pdf?md5=33f3d3d19bcdcb137ceddaafe4873896&pid=1-s2.0-0021869390902219-main.pdf	200	text/html	13782	https://www.sciencedirect.com/science/article/pii/0021869390902219/pdf?md5=33f3d3d19bcdcb137ceddaafe4873896&pid=1-s2.0-0021869390902219-main.pdf	<!doc	0	ok_nonpdf	187efcbd6bb3b8d2ab5d9d876a4557f3d4d43f8afe06a635eda012a360489629	data/external/intake/2026_02_15_cayley_dickson_sources/mirror_retries/2026_02_15_round3/raw/15_EAKIN-SD-PII-NOS-PDF.bin	data/external/intake/2026_02_15_cayley_dickson_sources/mirror_retries/2026_02_15_round3/meta/15_EAKIN-SD-PII-NOS-PDF.headers.txt	data/external/intake/2026_02_15_cayley_dickson_sources/mirror_retries/2026_02_15_round3/meta/15_EAKIN-SD-PII-NOS-PDF.curl.err
EAKIN-LINKINGHUB	https://linkinghub.elsevier.com/retrieve/pii/S0021869390902219	200	text/html;charset=UTF-8	8207	https://linkinghub.elsevier.com/retrieve/pii/S0021869390902219		0	ok_nonpdf	1ee94a2e245ba7aef52e2ee3df95f53021ea5c9b44244e3ecd9c07d92cf6dbcf	data/external/intake/2026_02_15_cayley_dickson_sources/mirror_retries/2026_02_15_round3/raw/16_EAKIN-LINKINGHUB.bin	data/external/intake/2026_02_15_cayley_dickson_sources/mirror_retries/2026_02_15_round3/meta/16_EAKIN-LINKINGHUB.headers.txt	data/external/intake/2026_02_15_cayley_dickson_sources/mirror_retries/2026_02_15_round3/meta/16_EAKIN-LINKINGHUB.curl.err
EAKIN-JALG-ISSUE	https://www.sciencedirect.com/journal/journal-of-algebra/vol/129/issue/2	200	text/html; charset=utf-8	54191	https://www.sciencedirect.com/journal/journal-of-algebra/vol/129/issue/2	<!doc	0	ok_nonpdf	45fbbe9c89f31860da260449a45508f61d8147f74e3199cd5e066dc20c6fe996	data/external/intake/2026_02_15_cayley_dickson_sources/mirror_retries/2026_02_15_round3/raw/17_EAKIN-JALG-ISSUE.bin	data/external/intake/2026_02_15_cayley_dickson_sources/mirror_retries/2026_02_15_round3/meta/17_EAKIN-JALG-ISSUE.headers.txt	data/external/intake/2026_02_15_cayley_dickson_sources/mirror_retries/2026_02_15_round3/meta/17_EAKIN-JALG-ISSUE.curl.err
EAKIN-SUBSTITUTE-MATH0510397	https://arxiv.org/pdf/math/0510397.pdf	200	application/pdf	81628	https://arxiv.org/pdf/math/0510397	%PDF-	1	pdf_ok	f94189613334eee72f9576426a4ba057c38eb3c0f4f316bcbd870e755f5678e7	data/external/intake/2026_02_15_cayley_dickson_sources/mirror_retries/2026_02_15_round3/raw/18_EAKIN-SUBSTITUTE-MATH0510397.bin	data/external/intake/2026_02_15_cayley_dickson_sources/mirror_retries/2026_02_15_round3/meta/18_EAKIN-SUBSTITUTE-MATH0510397.headers.txt	data/external/intake/2026_02_15_cayley_dickson_sources/mirror_retries/2026_02_15_round3/meta/18_EAKIN-SUBSTITUTE-MATH0510397.curl.err
