Dimension,Gamma,Perturbation Max,Scale,Nonlinear Factor,Frequency Shift,Iteration,Perturbation Magnitude,Quantum Coherence
32,5,0.3,2,1,0.0,0,0.0,1.0
32,5,0.3,2,1,0.0,1,0.038363148505351795,0.8254589514607006
32,5,0.3,2,1,0.0,2,0.07609637517285221,0.6835319522898016
32,5,0.3,2,1,0.0,3,0.11258010146381224,0.5695546682315668
32,5,0.3,2,1,0.0,4,0.14721526560118134,0.4789896314700072
32,5,0.3,2,1,0.0,5,0.1794331591473647,0.4077235956761517
32,5,0.3,2,1,0.0,6,0.20870476518104591,0.3522113611038498
32,5,0.3,2,1,0.0,7,0.23454944474040895,0.30951546398292057
32,5,0.3,2,1,0.0,8,0.2565428289016038,0.27728369020732724
32,5,0.3,2,1,0.0,9,0.2743237869047437,0.2536959098443235
32,5,0.3,2,1,0.0,10,0.2876003559109982,0.2374016659013698
32,5,0.3,2,1,0.0,11,0.29615453502433503,0.22746186634064974
32,5,0.3,2,1,0.0,12,0.2998458648602064,0.22330218742066765
32,5,0.3,2,1,0.0,13,0.2986137338847594,0.22468212141478325
32,5,0.3,2,1,0.0,14,0.29247837365454715,0.2316814599389116
32,5,0.3,2,1,0.0,15,0.2815405266149282,0.24470481463215044
32,5,0.3,2,1,0.0,16,0.2659797919119,0.2645039855489001
32,5,0.3,2,1,0.0,17,0.24605167637908681,0.29221706432667877
32,5,0.3,2,1,0.0,18,0.22208339912259475,0.32942156508295845
32,5,0.3,2,1,0.0,19,0.1944685185923365,0.3781960401896141
32,5,0.3,2,1,0.0,20,0.16366047036316467,0.44117998752789794
32,5,0.3,2,1,0.0,21,0.13016512173526745,0.5216149491102722
32,5,0.3,2,1,0.0,22,0.09453246540708639,0.6233405208856926
32,5,0.3,2,1,0.0,23,0.05734758861041176,0.750708431422635
32,5,0.3,2,1,0.0,24,0.019221065994213967,0.9083683326194316
32,5,0.3,2,1,0.0,25,0.019221065994213894,0.908368332619432
32,5,0.3,2,1,0.0,26,0.057347588610411566,0.7507084314226358
32,5,0.3,2,1,0.0,27,0.09453246540708608,0.6233405208856937
32,5,0.3,2,1,0.0,28,0.1301651217352674,0.5216149491102724
32,5,0.3,2,1,0.0,29,0.1636604703631645,0.4411799875278983
32,5,0.3,2,1,0.0,30,0.19446851859233635,0.37819604018961445
32,5,0.3,2,1,0.0,31,0.22208339912259453,0.32942156508295883
32,5,0.3,2,1,0.0,32,0.2460516763790867,0.29221706432667893
32,5,0.3,2,1,0.0,33,0.26597979191189997,0.26450398554890014
32,5,0.3,2,1,0.0,34,0.28154052661492807,0.2447048146321506
32,5,0.3,2,1,0.0,35,0.29247837365454704,0.2316814599389117
32,5,0.3,2,1,0.0,36,0.29861373388475937,0.2246821214147833
32,5,0.3,2,1,0.0,37,0.2998458648602064,0.22330218742066765
32,5,0.3,2,1,0.0,38,0.29615453502433503,0.2274618663406497
32,5,0.3,2,1,0.0,39,0.2876003559109983,0.2374016659013696
32,5,0.3,2,1,0.0,40,0.2743237869047438,0.25369590984432333
32,5,0.3,2,1,0.0,41,0.2565428289016039,0.277283690207327
32,5,0.3,2,1,0.0,42,0.234549444740409,0.3095154639829205
32,5,0.3,2,1,0.0,43,0.20870476518104608,0.35221136110384943
32,5,0.3,2,1,0.0,44,0.17943315914736505,0.40772359567615113
32,5,0.3,2,1,0.0,45,0.14721526560118156,0.47898963147000667
32,5,0.3,2,1,0.0,46,0.11258010146381237,0.5695546682315663
32,5,0.3,2,1,0.0,47,0.07609637517285225,0.6835319522898015
32,5,0.3,2,1,0.0,48,0.03836314850535199,0.8254589514606998
32,5,0.3,2,1,0.0,49,7.347880794884119e-17,0.9999999999999997
32,5,0.3,2,1,0.7853981633974483,0,0.21213203435596426,0.3462271654618714
32,5,0.3,2,1,0.7853981633974483,1,0.23751727574205594,0.3049564258305889
32,5,0.3,2,1,0.7853981633974483,2,0.2590024900269825,0.27389445428731024
32,5,0.3,2,1,0.7853981633974483,3,0.27623489058617645,0.2512832593290047
32,5,0.3,2,1,0.7853981633974483,4,0.2889315218788711,0.23582680761778377
32,5,0.3,2,1,0.7853981633974483,5,0.29688390557025773,0.2266338571439798
32,5,0.3,2,1,0.7853981633974483,6,0.2999614637399794,0.2231731573000199
32,5,0.3,2,1,0.7853981633974483,7,0.29811366296797276,0.22524460930353055
32,5,0.3,2,1,0.7853981633974483,8,0.29137084409182923,0.23296798915416478
32,5,0.3,2,1,0.7853981633974483,9,0.27984372401107943,0.24678972516369935
32,5,0.3,2,1,0.7853981633974483,10,0.26372157771876514,0.26750744303752416
32,5,0.3,2,1,0.7853981633974483,11,0.24326913041128537,0.29631101437088997
32,5,0.3,2,1,0.7853981633974483,12,0.21882221070799024,0.3348371269680424
32,5,0.3,2,1,0.7853981633974483,13,0.19078223635453662,0.3852313632151048
32,5,0.3,2,1,0.7853981633974483,14,0.15960962295460096,0.4502068591808247
32,5,0.3,2,1,0.7853981633974483,15,0.1258162239583972,0.5330814139851806
32,5,0.3,2,1,0.7853981633974483,16,0.08995692604317357,0.6377654922481243
32,5,0.3,2,1,0.7853981633974483,17,0.05262053788931458,0.7686629596842681
32,5,0.3,2,1,0.7853981633974483,18,0.014420121958086347,0.9304372800022004
32,5,0.3,2,1,0.7853981633974483,19,0.024017071977028008,0.8868447325216476
32,5,0.3,2,1,0.7853981633974483,20,0.0620599062542671,0.7332272988238068
32,5,0.3,2,1,0.7853981633974483,21,0.09908371858655009,0.6093157986195744
32,5,0.3,2,1,0.7853981633974483,22,0.13448057899895893,0.5104804719018412
32,5,0.3,2,1,0.7853981633974483,23,0.16766927202212137,0.43242500775837184
32,5,0.3,2,1,0.7853981633974483,24,0.1981048402341477,0.3713819611288709
32,5,0.3,2,1,0.7853981633974483,25,0.2252875324464334,0.3241860621143843
32,5,0.3,2,1,0.7853981633974483,26,0.24877100960435852,0.28827077544822455
32,5,0.3,2,1,0.7853981633974483,27,0.2681696736622257,0.2616236212149882
32,5,0.3,2,1,0.7853981633974483,28,0.28316499909251025,0.24272528356689393
32,5,0.3,2,1,0.7853981633974483,29,0.29351076306621465,0.23048861386114317
32,5,0.3,2,1,0.7853981633974483,30,0.2990370884249147,0.2242070234484213
32,5,0.3,2,1,0.7853981633974483,31,0.29965323305900426,0.22351736654276377
32,5,0.3,2,1,0.7853981633974483,32,0.29534907989062575,0.22837976505545338
32,5,0.3,2,1,0.7853981633974483,33,0.2861953029958092,0.23907534755971407
32,5,0.3,2,1,0.7853981633974483,34,0.27234220713809765,0.2562219966952304
32,5,0.3,2,1,0.7853981633974483,35,0.2540172597684854,0.2808073873802188
32,5,0.3,2,1,0.7853981633974483,36,0.2315213560161607,0.3142373207179816
32,5,0.3,2,1,0.7853981633974483,37,0.2052238779988039,0.3583950569409111
32,5,0.3,2,1,0.7853981633974483,38,0.17555662957842708,0.4157034440186837
32,5,0.3,2,1,0.7853981633974483,39,0.14300674615389797,0.489175611248262
32,5,0.3,2,1,0.7853981633974483,40,0.10810869591115628,0.5824316266602516
32,5,0.3,2,1,0.7853981633974483,41,0.07143550387037964,0.699648285599692
32,5,0.3,2,1,0.7853981633974483,42,0.03358934283099243,0.845398881278258
32,5,0.3,2,1,0.7853981633974483,43,0.004808354289051897,0.9762449297445527
32,5,0.3,2,1,0.7853981633974483,44,0.04312709836460412,0.8060290525134962
32,5,0.3,2,1,0.7853981633974483,45,0.0807376966773228,0.6678521359028586
32,5,0.3,2,1,0.7853981633974483,46,0.11702258424271393,0.5570429562939219
32,5,0.3,2,1,0.7853981633974483,47,0.15138596421010364,0.4691044529984848
32,5,0.3,2,1,0.7853981633974483,48,0.1832635908304541,0.39998911123696296
32,5,0.3,2,1,0.7853981633974483,49,0.2121320343559642,0.34622716546187143
32,5,0.3,2,1,1.5707963267948966,0,0.3,0.22313016014842982
32,5,0.3,2,1,1.5707963267948966,1,0.2975370041469738,0.22589499293078244
32,5,0.3,2,1,1.5707963267948966,2,0.2901884589117089,0.23434935789474026
32,5,0.3,2,1,1.5707963267948966,3,0.2780750272038065,0.2489818850370723
32,5,0.3,2,1,1.5707963267948966,4,0.2613956112370168,0.27063667069504777
32,5,0.3,2,1,1.5707963267948966,5,0.240424086560387,0.3005562264671872
32,5,0.3,2,1,1.5707963267948966,6,0.21550480502931826,0.34043739742335494
32,5,0.3,2,1,1.5707963267948966,7,0.18704694055762003,0.3924937353463379
32,5,0.3,2,1,1.5707963267948966,8,0.15551777049315751,0.45951262940267623
32,5,0.3,2,1,1.5707963267948966,9,0.12143500293671822,0.5448879974615951
32,5,0.3,2,1,1.5707963267948966,10,0.08535827598930983,0.6525996834083944
32,5,0.3,2,1,1.5707963267948966,11,0.04787996851001388,0.787100103333378
32,5,0.3,2,1,1.5707963267948966,12,0.009615473271496552,0.9530600494406478
32,5,0.3,2,1,1.5707963267948966,13,0.028806907772304376,0.8658578417986483
32,5,0.3,2,1,1.5707963267948966,14,0.06675628018689429,0.7162103280246307
32,5,0.3,2,1,1.5707963267948966,15,0.10360951632639213,0.595682434683622
32,5,0.3,2,1,1.5707963267948966,16,0.1387614870722505,0.49966998155946535
32,5,0.3,2,1,1.5707963267948966,17,0.1716349980366508,0.42393506240563317
32,5,0.3,2,1,1.5707963267948966,18,0.20169026707839494,0.3647834696048039
32,5,0.3,2,1,1.5707963267948966,19,0.22843378751074034,0.31912610604665526
32,5,0.3,2,1,1.5707963267948966,20,0.2514264314675521,0.28446866919348107
32,5,0.3,2,1,1.5707963267948966,21,0.2702906603707257,0.2588637799308835
32,5,0.3,2,1,1.5707963267948966,22,0.28471672410320054,0.24084935582102002
32,5,0.3,2,1,1.5707963267948966,23,0.2944677470973196,0.2293883786151608
32,5,0.3,2,1,1.5707963267948966,24,0.29938361782510087,0.22381888816946988
32,5,0.3,2,1,1.5707963267948966,25,0.2993836178251009,0.2238188881694698
32,5,0.3,2,1,1.5707963267948966,26,0.29446774709731965,0.22938837861516073
32,5,0.3,2,1,1.5707963267948966,27,0.2847167241032007,0.2408493558210198
32,5,0.3,2,1,1.5707963267948966,28,0.2702906603707257,0.2588637799308835
32,5,0.3,2,1,1.5707963267948966,29,0.2514264314675523,0.2844686691934808
32,5,0.3,2,1,1.5707963267948966,30,0.2284337875107406,0.3191261060466549
32,5,0.3,2,1,1.5707963267948966,31,0.20169026707839519,0.3647834696048035
32,5,0.3,2,1,1.5707963267948966,32,0.17163499803665097,0.4239350624056328
32,5,0.3,2,1,1.5707963267948966,33,0.13876148707225058,0.4996699815594651
32,5,0.3,2,1,1.5707963267948966,34,0.10360951632639247,0.595682434683621
32,5,0.3,2,1,1.5707963267948966,35,0.06675628018689465,0.7162103280246295
32,5,0.3,2,1,1.5707963267948966,36,0.02880690777230475,0.8658578417986467
32,5,0.3,2,1,1.5707963267948966,37,0.009615473271496441,0.9530600494406484
32,5,0.3,2,1,1.5707963267948966,38,0.04787996851001377,0.7871001033333784
32,5,0.3,2,1,1.5707963267948966,39,0.08535827598930935,0.6525996834083958
32,5,0.3,2,1,1.5707963267948966,40,0.12143500293671788,0.5448879974615959
32,5,0.3,2,1,1.5707963267948966,41,0.15551777049315732,0.4595126294026766
32,5,0.3,2,1,1.5707963267948966,42,0.18704694055761997,0.392493735346338
32,5,0.3,2,1,1.5707963267948966,43,0.21550480502931815,0.3404373974233551
32,5,0.3,2,1,1.5707963267948966,44,0.2404240865603868,0.30055622646718755
32,5,0.3,2,1,1.5707963267948966,45,0.26139561123701666,0.270636670695048
32,5,0.3,2,1,1.5707963267948966,46,0.27807502720380645,0.24898188503707241
32,5,0.3,2,1,1.5707963267948966,47,0.29018845891170886,0.23434935789474026
32,5,0.3,2,1,1.5707963267948966,48,0.29753700414697376,0.2258949929307825
32,5,0.3,2,1,1.5707963267948966,49,0.29999999999999993,0.22313016014842998
32,5,0.3,2,2,0.0,0,0.0,1.0
32,5,0.3,2,2,0.0,1,0.0049057705441455865,0.975769534906364
32,5,0.3,2,2,0.0,2,0.0193021943814916,0.9079999350538366
32,5,0.3,2,2,0.0,3,0.04224759748534087,0.8095813737650662
32,5,0.3,2,2,0.0,4,0.07224111475342121,0.6968357325949212
32,5,0.3,2,2,0.0,5,0.10732086200534506,0.584730448328306
32,5,0.3,2,2,0.0,6,0.1451922633642517,0.4838592033180228
32,5,0.3,2,2,0.0,7,0.18337814009344722,0.39976008454083456
32,5,0.3,2,2,0.0,8,0.21938074353612524,0.33390334380884307
32,5,0.3,2,2,0.0,9,0.2508451335391974,0.2852966771492788
32,5,0.3,2,2,0.0,10,0.2757132157337761,0.2519395556762616
32,5,0.3,2,2,0.0,11,0.29235836205160026,0.23182052397488523
32,5,0.3,2,2,0.0,12,0.2996918089125506,0.22347425883420496
32,5,0.3,2,2,0.0,13,0.29723387354865977,0.22623763094717356
32,5,0.3,2,2,0.0,14,0.28514533018536303,0.2403337609920958
32,5,0.3,2,2,0.0,15,0.2642168937553703,0.2668457591001492
32,5,0.3,2,2,0.0,16,0.23581749901832547,0.3075592599274219
32,5,0.3,2,2,0.0,17,0.20180475816319624,0.36457470708835926
32,5,0.3,2,2,0.0,18,0.16440345388615238,0.43954408073173484
32,5,0.3,2,2,0.0,19,0.12606001574499306,0.5324320055151368
32,5,0.3,2,2,0.0,20,0.08928249853164101,0.639919755411978
32,5,0.3,2,2,0.0,21,0.05647652972118998,0.7539851179725147
32,5,0.3,2,2,0.0,22,0.029787956719806618,0.8616209970523043
32,5,0.3,2,2,0.0,23,0.010962486398096763,0.946662694939269
32,5,0.3,2,2,0.0,24,0.0012314979265130954,0.993861428856672
32,5,0.3,2,2,0.0,25,0.0012314979265130859,0.993861428856672
32,5,0.3,2,2,0.0,26,0.01096248639809669,0.9466626949392694
32,5,0.3,2,2,0.0,27,0.02978795671980642,0.8616209970523051
32,5,0.3,2,2,0.0,28,0.05647652972118994,0.7539851179725149
32,5,0.3,2,2,0.0,29,0.08928249853164082,0.6399197554119787
32,5,0.3,2,2,0.0,30,0.1260600157449929,0.5324320055151373
32,5,0.3,2,2,0.0,31,0.1644034538861521,0.4395440807317355
32,5,0.3,2,2,0.0,32,0.20180475816319607,0.36457470708835954
32,5,0.3,2,2,0.0,33,0.23581749901832533,0.30755925992742217
32,5,0.3,2,2,0.0,34,0.26421689375537005,0.2668457591001495
32,5,0.3,2,2,0.0,35,0.2851453301853628,0.24033376099209608
32,5,0.3,2,2,0.0,36,0.2972338735486596,0.22623763094717375
32,5,0.3,2,2,0.0,37,0.2996918089125506,0.22347425883420496
32,5,0.3,2,2,0.0,38,0.29235836205160026,0.23182052397488523
32,5,0.3,2,2,0.0,39,0.2757132157337764,0.25193955567626125
32,5,0.3,2,2,0.0,40,0.25084513353919763,0.2852966771492785
32,5,0.3,2,2,0.0,41,0.2193807435361254,0.3339033438088428
32,5,0.3,2,2,0.0,42,0.18337814009344724,0.39976008454083456
32,5,0.3,2,2,0.0,43,0.14519226336425195,0.4838592033180221
32,5,0.3,2,2,0.0,44,0.10732086200534545,0.5847304483283049
32,5,0.3,2,2,0.0,45,0.07224111475342145,0.6968357325949203
32,5,0.3,2,2,0.0,46,0.04224759748534097,0.8095813737650658
32,5,0.3,2,2,0.0,47,0.019302194381491618,0.9079999350538365
32,5,0.3,2,2,0.0,48,0.004905770544145635,0.9757695349063638
32,5,0.3,2,2,0.0,49,1.799711739194229e-32,1.0
32,5,0.3,2,2,0.7853981633974483,0,0.15000000000000002,0.4723665527410147
32,5,0.3,2,2,0.7853981633974483,1,0.18804818758642614,0.39053372963291183
32,5,0.3,2,2,0.7853981633974483,2,0.2236076328005906,0.3269205303729642
32,5,0.3,2,2,0.7853981633974483,3,0.2543523825905229,0.2803372565486052
32,5,0.3,2,2,0.7853981633974483,4,0.27827141445080195,0.24873752069703625
32,5,0.3,2,2,0.7853981633974483,5,0.29380017795549906,0.2301553208858676
32,5,0.3,2,2,0.7853981633974483,6,0.29992293243010326,0.22321615721239418
32,5,0.3,2,2,0.7853981633974483,7,0.29623918682727346,0.22736561142703923
32,5,0.3,2,2,0.7853981633974483,8,0.28298989595595014,0.24293788641425204
32,5,0.3,2,2,0.7853981633974483,9,0.26104169956129736,0.27111600206056985
32,5,0.3,2,2,0.7853981633974483,10,0.2318302351815823,0.313752388471199
32,5,0.3,2,2,0.7853981633974483,11,0.19726623270354327,0.3729424489813813
32,5,0.3,2,2,0.7853981633974483,12,0.15961053299710695,0.4502048106485936
32,5,0.3,2,2,0.7853981633974483,13,0.12132620569479426,0.545184489654522
32,5,0.3,2,2,0.7853981633974483,14,0.08491743913236628,0.6540397198445899
32,5,0.3,2,2,0.7853981633974483,15,0.05276574070383189,0.7681051020891972
32,5,0.3,2,2,0.7853981633974483,16,0.02697416181045666,0.8738287951663053
32,5,0.3,2,2,0.7853981633974483,17,0.00922973669253597,0.9548999738006959
32,5,0.3,2,2,0.7853981633974483,18,0.0006931330576202803,0.9965403331982604
32,5,0.3,2,2,0.7853981633974483,19,0.00192273248783248,0.9904324010823532
32,5,0.3,2,2,0.7853981633974483,20,0.012838106547628068,0.9378262958947667
32,5,0.3,2,2,0.7853981633974483,21,0.032725277629795504,0.8490591812015933
32,5,0.3,2,2,0.7853981633974483,22,0.06028342042631745,0.73976914909842
32,5,0.3,2,2,0.7853981633974483,23,0.09370994926809377,0.6259093376908756
32,5,0.3,2,2,0.7853981633974483,24,0.13081842574732397,0.5199138632433847
32,5,0.3,2,2,0.7853981633974483,25,0.16918157425267596,0.42916755240276605
32,5,0.3,2,2,0.7853981633974483,26,0.20629005073190612,0.3564895851715661
32,5,0.3,2,2,0.7853981633974483,27,0.23971657957368214,0.30162133744069497
32,5,0.3,2,2,0.7853981633974483,28,0.2672747223702044,0.2627969464185699
32,5,0.3,2,2,0.7853981633974483,29,0.287161893452372,0.23792269541295438
32,5,0.3,2,2,0.7853981633974483,30,0.2980772675121675,0.2252856024344431
32,5,0.3,2,2,0.7853981633974483,31,0.2993068669423798,0.22390479613837996
32,5,0.3,2,2,0.7853981633974483,32,0.2907702633074641,0.23366862108114467
32,5,0.3,2,2,0.7853981633974483,33,0.27302583818954346,0.25534768524761653
32,5,0.3,2,2,0.7853981633974483,34,0.2472342592961683,0.2904943080595738
32,5,0.3,2,2,0.7853981633974483,35,0.21508256086763397,0.341156895182832
32,5,0.3,2,2,0.7853981633974483,36,0.1786737943052061,0.4092745930644959
32,5,0.3,2,2,0.7853981633974483,37,0.14038946700289315,0.4956192267847478
32,5,0.3,2,2,0.7853981633974483,38,0.10273376729645686,0.5982964952310087
32,5,0.3,2,2,0.7853981633974483,39,0.06816976481841804,0.71116641130817
32,5,0.3,2,2,0.7853981633974483,40,0.03895830043870287,0.8230062351634271
32,5,0.3,2,2,0.7853981633974483,41,0.01701010404405008,0.918465882130683
32,5,0.3,2,2,0.7853981633974483,42,0.003760813172726475,0.981371627608828
32,5,0.3,2,2,0.7853981633974483,43,7.706756989681259e-05,0.99961473638361
32,5,0.3,2,2,0.7853981633974483,44,0.006199822044500799,0.9694764356939577
32,5,0.3,2,2,0.7853981633974483,45,0.021728585549197942,0.8970506722232866
32,5,0.3,2,2,0.7853981633974483,46,0.04564761740947693,0.7959347355236153
32,5,0.3,2,2,0.7853981633974483,47,0.07639236719940927,0.6825211004456467
32,5,0.3,2,2,0.7853981633974483,48,0.11195181241357367,0.5713467063604586
32,5,0.3,2,2,0.7853981633974483,49,0.14999999999999994,0.4723665527410149
32,5,0.3,2,2,1.5707963267948966,0,0.3,0.2231301601484298
32,5,0.3,2,2,1.5707963267948966,1,0.2950942294558544,0.22867096395855574
32,5,0.3,2,2,1.5707963267948966,2,0.28069780561850854,0.24573807941428982
32,5,0.3,2,2,1.5707963267948966,3,0.25775240251465914,0.2756117758870035
32,5,0.3,2,2,1.5707963267948966,4,0.22775888524657883,0.3202048197464322
32,5,0.3,2,2,1.5707963267948966,5,0.1926791379946549,0.381594905458301
32,5,0.3,2,2,1.5707963267948966,6,0.1548077366357483,0.461146876236587
32,5,0.3,2,2,1.5707963267948966,7,0.11662185990655281,0.5581601785098621
32,5,0.3,2,2,1.5707963267948966,8,0.0806192564638747,0.6682477557821944
32,5,0.3,2,2,1.5707963267948966,9,0.04915486646080254,0.7820986994239651
32,5,0.3,2,2,1.5707963267948966,10,0.02428678426622396,0.8856495739603056
32,5,0.3,2,2,1.5707963267948966,11,0.007641637948399735,0.9625125347943873
32,5,0.3,2,2,1.5707963267948966,12,0.00030819108744954866,0.9984602312249727
32,5,0.3,2,2,1.5707963267948966,13,0.0027661264513401678,0.9862645715227224
32,5,0.3,2,2,1.5707963267948966,14,0.014854669814637117,0.9284178769863634
32,5,0.3,2,2,1.5707963267948966,15,0.03578310624462972,0.8361765272225569
32,5,0.3,2,2,1.5707963267948966,16,0.06418250098167448,0.7254867247407357
32,5,0.3,2,2,1.5707963267948966,17,0.09819524183680374,0.6120286344887647
32,5,0.3,2,2,1.5707963267948966,18,0.1355965461138476,0.5076400068383857
32,5,0.3,2,2,1.5707963267948966,19,0.17393998425500692,0.419077286558962
32,5,0.3,2,2,1.5707963267948966,20,0.2107175014683589,0.3486845940625469
32,5,0.3,2,2,1.5707963267948966,21,0.24352347027880988,0.2959344353485818
32,5,0.3,2,2,1.5707963267948966,22,0.27021204328019344,0.2589655555189363
32,5,0.3,2,2,1.5707963267948966,23,0.2890375136019033,0.23570186228025408
32,5,0.3,2,2,1.5707963267948966,24,0.2987685020734869,0.2245083204457552
32,5,0.3,2,2,1.5707963267948966,25,0.298768502073487,0.2245083204457552
32,5,0.3,2,2,1.5707963267948966,26,0.2890375136019034,0.23570186228025397
32,5,0.3,2,2,1.5707963267948966,27,0.27021204328019366,0.258965555518936
32,5,0.3,2,2,1.5707963267948966,28,0.24352347027880997,0.29593443534858166
32,5,0.3,2,2,1.5707963267948966,29,0.21071750146835924,0.3486845940625465
32,5,0.3,2,2,1.5707963267948966,30,0.17393998425500728,0.4190772865589612
32,5,0.3,2,2,1.5707963267948966,31,0.13559654611384794,0.5076400068383848
32,5,0.3,2,2,1.5707963267948966,32,0.09819524183680393,0.6120286344887641
32,5,0.3,2,2,1.5707963267948966,33,0.06418250098167455,0.7254867247407354
32,5,0.3,2,2,1.5707963267948966,34,0.03578310624462996,0.8361765272225559
32,5,0.3,2,2,1.5707963267948966,35,0.014854669814637282,0.9284178769863626
32,5,0.3,2,2,1.5707963267948966,36,0.00276612645134024,0.9862645715227221
32,5,0.3,2,2,1.5707963267948966,37,0.00030819108744954156,0.9984602312249727
32,5,0.3,2,2,1.5707963267948966,38,0.0076416379483997005,0.9625125347943875
32,5,0.3,2,2,1.5707963267948966,39,0.024286784266223684,0.8856495739603069
32,5,0.3,2,2,1.5707963267948966,40,0.04915486646080227,0.7820986994239663
32,5,0.3,2,2,1.5707963267948966,41,0.08061925646387451,0.6682477557821951
32,5,0.3,2,2,1.5707963267948966,42,0.11662185990655273,0.5581601785098624
32,5,0.3,2,2,1.5707963267948966,43,0.15480773663574807,0.46114687623658757
32,5,0.3,2,2,1.5707963267948966,44,0.19267913799465458,0.38159490545830155
32,5,0.3,2,2,1.5707963267948966,45,0.22775888524657847,0.3202048197464328
32,5,0.3,2,2,1.5707963267948966,46,0.257752402514659,0.2756117758870037
32,5,0.3,2,2,1.5707963267948966,47,0.2806978056185085,0.24573807941428985
32,5,0.3,2,2,1.5707963267948966,48,0.29509422945585423,0.22867096395855593
32,5,0.3,2,2,1.5707963267948966,49,0.29999999999999993,0.22313016014842993
32,5,0.3,4,1,0.0,0,0.0,1.0
32,5,0.3,4,1,0.0,1,0.07609637517285221,0.6835319522898016
32,5,0.3,4,1,0.0,2,0.14721526560118134,0.4789896314700072
32,5,0.3,4,1,0.0,3,0.20870476518104591,0.3522113611038498
32,5,0.3,4,1,0.0,4,0.2565428289016038,0.2772836902073272
32,5,0.3,4,1,0.0,5,0.2876003559109982,0.2374016659013697
32,5,0.3,4,1,0.0,6,0.2998458648602064,0.22330218742066765
32,5,0.3,4,1,0.0,7,0.29247837365454715,0.2316814599389116
32,5,0.3,4,1,0.0,8,0.2659797919119,0.2645039855489001
32,5,0.3,4,1,0.0,9,0.22208339912259475,0.3294215650829584
32,5,0.3,4,1,0.0,10,0.16366047036316467,0.44117998752789794
32,5,0.3,4,1,0.0,11,0.09453246540708639,0.6233405208856927
32,5,0.3,4,1,0.0,12,0.019221065994213967,0.9083683326194315
32,5,0.3,4,1,0.0,13,0.057347588610411566,0.7507084314226358
32,5,0.3,4,1,0.0,14,0.1301651217352674,0.5216149491102724
32,5,0.3,4,1,0.0,15,0.19446851859233635,0.3781960401896144
32,5,0.3,4,1,0.0,16,0.2460516763790867,0.292217064326679
32,5,0.3,4,1,0.0,17,0.28154052661492807,0.2447048146321506
32,5,0.3,4,1,0.0,18,0.29861373388475937,0.22468212141478325
32,5,0.3,4,1,0.0,19,0.29615453502433503,0.22746186634064974
32,5,0.3,4,1,0.0,20,0.2743237869047438,0.25369590984432333
32,5,0.3,4,1,0.0,21,0.234549444740409,0.3095154639829205
32,5,0.3,4,1,0.0,22,0.17943315914736505,0.4077235956761511
32,5,0.3,4,1,0.0,23,0.11258010146381237,0.5695546682315663
32,5,0.3,4,1,0.0,24,0.03836314850535199,0.8254589514606999
32,5,0.3,4,1,0.0,25,0.038363148505351836,0.8254589514607005
32,5,0.3,4,1,0.0,26,0.112580101463812,0.5695546682315673
32,5,0.3,4,1,0.0,27,0.17943315914736452,0.40772359567615224
32,5,0.3,4,1,0.0,28,0.23454944474040892,0.30951546398292074
32,5,0.3,4,1,0.0,29,0.2743237869047436,0.25369590984432355
32,5,0.3,4,1,0.0,30,0.2961545350243349,0.2274618663406498
32,5,0.3,4,1,0.0,31,0.2986137338847595,0.22468212141478325
32,5,0.3,4,1,0.0,32,0.28154052661492823,0.24470481463215038
32,5,0.3,4,1,0.0,33,0.2460516763790868,0.2922170643266788
32,5,0.3,4,1,0.0,34,0.19446851859233674,0.3781960401896137
32,5,0.3,4,1,0.0,35,0.130165121735268,0.5216149491102708
32,5,0.3,4,1,0.0,36,0.0573475886104121,0.7507084314226337
32,5,0.3,4,1,0.0,37,0.019221065994213693,0.9083683326194327
32,5,0.3,4,1,0.0,38,0.09453246540708625,0.6233405208856931
32,5,0.3,4,1,0.0,39,0.16366047036316392,0.4411799875278996
32,5,0.3,4,1,0.0,40,0.2220833991225943,0.3294215650829592
32,5,0.3,4,1,0.0,41,0.2659797919118998,0.26450398554890037
32,5,0.3,4,1,0.0,42,0.2924783736545471,0.23168145993891165
32,5,0.3,4,1,0.0,43,0.2998458648602064,0.22330218742066765
32,5,0.3,4,1,0.0,44,0.2876003559109984,0.23740166590136938
32,5,0.3,4,1,0.0,45,0.25654282890160407,0.2772836902073268
32,5,0.3,4,1,0.0,46,0.2087047651810461,0.35221136110384943
32,5,0.3,4,1,0.0,47,0.1472152656011814,0.4789896314700071
32,5,0.3,4,1,0.0,48,0.07609637517285259,0.6835319522898003
32,5,0.3,4,1,0.0,49,1.4695761589768238e-16,0.9999999999999993
32,5,0.3,4,1,0.7853981633974483,0,0.21213203435596426,0.3462271654618714
32,5,0.3,4,1,0.7853981633974483,1,0.2590024900269825,0.2738944542873102
32,5,0.3,4,1,0.7853981633974483,2,0.2889315218788711,0.23582680761778377
32,5,0.3,4,1,0.7853981633974483,3,0.2999614637399794,0.2231731573000199
32,5,0.3,4,1,0.7853981633974483,4,0.29137084409182923,0.23296798915416478
32,5,0.3,4,1,0.7853981633974483,5,0.26372157771876514,0.26750744303752416
32,5,0.3,4,1,0.7853981633974483,6,0.21882221070799024,0.3348371269680424
32,5,0.3,4,1,0.7853981633974483,7,0.15960962295460096,0.4502068591808247
32,5,0.3,4,1,0.7853981633974483,8,0.08995692604317357,0.6377654922481243
32,5,0.3,4,1,0.7853981633974483,9,0.014420121958086347,0.9304372800022004
32,5,0.3,4,1,0.7853981633974483,10,0.0620599062542671,0.7332272988238069
32,5,0.3,4,1,0.7853981633974483,11,0.13448057899895893,0.5104804719018412
32,5,0.3,4,1,0.7853981633974483,12,0.1981048402341477,0.3713819611288709
32,5,0.3,4,1,0.7853981633974483,13,0.24877100960435852,0.28827077544822455
32,5,0.3,4,1,0.7853981633974483,14,0.28316499909251025,0.24272528356689388
32,5,0.3,4,1,0.7853981633974483,15,0.2990370884249147,0.2242070234484212
32,5,0.3,4,1,0.7853981633974483,16,0.29534907989062575,0.22837976505545332
32,5,0.3,4,1,0.7853981633974483,17,0.27234220713809765,0.2562219966952303
32,5,0.3,4,1,0.7853981633974483,18,0.2315213560161607,0.3142373207179816
32,5,0.3,4,1,0.7853981633974483,19,0.17555662957842708,0.41570344401868364
32,5,0.3,4,1,0.7853981633974483,20,0.10810869591115628,0.5824316266602516
32,5,0.3,4,1,0.7853981633974483,21,0.03358934283099243,0.8453988812782581
32,5,0.3,4,1,0.7853981633974483,22,0.04312709836460412,0.8060290525134962
32,5,0.3,4,1,0.7853981633974483,23,0.11702258424271393,0.5570429562939219
32,5,0.3,4,1,0.7853981633974483,24,0.1832635908304541,0.39998911123696296
32,5,0.3,4,1,0.7853981633974483,25,0.23751727574205597,0.30495642583058885
32,5,0.3,4,1,0.7853981633974483,26,0.27623489058617634,0.2512832593290048
32,5,0.3,4,1,0.7853981633974483,27,0.2968839055702577,0.22663385714397985
32,5,0.3,4,1,0.7853981633974483,28,0.29811366296797276,0.22524460930353055
32,5,0.3,4,1,0.7853981633974483,29,0.2798437240110795,0.24678972516369924
32,5,0.3,4,1,0.7853981633974483,30,0.24326913041128556,0.29631101437088975
32,5,0.3,4,1,0.7853981633974483,31,0.1907822363545371,0.385231363215104
32,5,0.3,4,1,0.7853981633974483,32,0.12581622395839703,0.5330814139851809
32,5,0.3,4,1,0.7853981633974483,33,0.05262053788931479,0.7686629596842673
32,5,0.3,4,1,0.7853981633974483,34,0.024017071977027404,0.8868447325216503
32,5,0.3,4,1,0.7853981633974483,35,0.09908371858654925,0.609315798619577
32,5,0.3,4,1,0.7853981633974483,36,0.1676692720221213,0.43242500775837195
32,5,0.3,4,1,0.7853981633974483,37,0.22528753244643313,0.3241860621143847
32,5,0.3,4,1,0.7853981633974483,38,0.26816967366222594,0.26162362121498783
32,5,0.3,4,1,0.7853981633974483,39,0.2935107630662144,0.23048861386114347
32,5,0.3,4,1,0.7853981633974483,40,0.2996532330590043,0.22351736654276366
32,5,0.3,4,1,0.7853981633974483,41,0.28619530299580936,0.23907534755971385
32,5,0.3,4,1,0.7853981633974483,42,0.25401725976848516,0.28080738738021904
32,5,0.3,4,1,0.7853981633974483,43,0.20522387799880396,0.35839505694091106
32,5,0.3,4,1,0.7853981633974483,44,0.14300674615389802,0.48917561124826175
32,5,0.3,4,1,0.7853981633974483,45,0.07143550387038022,0.69964828559969
32,5,0.3,4,1,0.7853981633974483,46,0.004808354289052091,0.9762449297445516
32,5,0.3,4,1,0.7853981633974483,47,0.08073769667732274,0.6678521359028589
32,5,0.3,4,1,0.7853981633974483,48,0.1513859642101031,0.4691044529984861
32,5,0.3,4,1,0.7853981633974483,49,0.21213203435596437,0.34622716546187116
32,5,0.3,4,1,1.5707963267948966,0,0.3,0.22313016014842982
32,5,0.3,4,1,1.5707963267948966,1,0.2901884589117089,0.23434935789474015
32,5,0.3,4,1,1.5707963267948966,2,0.2613956112370168,0.27063667069504777
32,5,0.3,4,1,1.5707963267948966,3,0.21550480502931826,0.34043739742335494
32,5,0.3,4,1,1.5707963267948966,4,0.15551777049315751,0.4595126294026763
32,5,0.3,4,1,1.5707963267948966,5,0.08535827598930983,0.6525996834083944
32,5,0.3,4,1,1.5707963267948966,6,0.009615473271496552,0.9530600494406478
32,5,0.3,4,1,1.5707963267948966,7,0.06675628018689429,0.7162103280246307
32,5,0.3,4,1,1.5707963267948966,8,0.1387614870722505,0.49966998155946535
32,5,0.3,4,1,1.5707963267948966,9,0.20169026707839494,0.3647834696048039
32,5,0.3,4,1,1.5707963267948966,10,0.2514264314675521,0.28446866919348107
32,5,0.3,4,1,1.5707963267948966,11,0.28471672410320054,0.24084935582101996
32,5,0.3,4,1,1.5707963267948966,12,0.29938361782510087,0.2238188881694698
32,5,0.3,4,1,1.5707963267948966,13,0.29446774709731965,0.22938837861516073
32,5,0.3,4,1,1.5707963267948966,14,0.2702906603707257,0.2588637799308835
32,5,0.3,4,1,1.5707963267948966,15,0.2284337875107406,0.3191261060466548
32,5,0.3,4,1,1.5707963267948966,16,0.17163499803665097,0.4239350624056328
32,5,0.3,4,1,1.5707963267948966,17,0.10360951632639247,0.5956824346836209
32,5,0.3,4,1,1.5707963267948966,18,0.02880690777230475,0.8658578417986467
32,5,0.3,4,1,1.5707963267948966,19,0.04787996851001377,0.7871001033333784
32,5,0.3,4,1,1.5707963267948966,20,0.12143500293671788,0.5448879974615959
32,5,0.3,4,1,1.5707963267948966,21,0.18704694055761997,0.39249373534633814
32,5,0.3,4,1,1.5707963267948966,22,0.2404240865603868,0.30055622646718755
32,5,0.3,4,1,1.5707963267948966,23,0.27807502720380645,0.24898188503707241
32,5,0.3,4,1,1.5707963267948966,24,0.29753700414697376,0.2258949929307825
32,5,0.3,4,1,1.5707963267948966,25,0.2975370041469738,0.22589499293078244
32,5,0.3,4,1,1.5707963267948966,26,0.2780750272038065,0.2489818850370723
32,5,0.3,4,1,1.5707963267948966,27,0.24042408656038722,0.3005562264671869
32,5,0.3,4,1,1.5707963267948966,28,0.1870469405576201,0.39249373534633786
32,5,0.3,4,1,1.5707963267948966,29,0.12143500293671805,0.5448879974615956
32,5,0.3,4,1,1.5707963267948966,30,0.04787996851001395,0.7871001033333778
32,5,0.3,4,1,1.5707963267948966,31,0.02880690777230404,0.8658578417986498
32,5,0.3,4,1,1.5707963267948966,32,0.10360951632639205,0.5956824346836221
32,5,0.3,4,1,1.5707963267948966,33,0.17163499803665083,0.42393506240563306
32,5,0.3,4,1,1.5707963267948966,34,0.22843378751074014,0.31912610604665553
32,5,0.3,4,1,1.5707963267948966,35,0.2702906603707254,0.2588637799308839
32,5,0.3,4,1,1.5707963267948966,36,0.29446774709731954,0.22938837861516084
32,5,0.3,4,1,1.5707963267948966,37,0.2993836178251009,0.2238188881694698
32,5,0.3,4,1,1.5707963267948966,38,0.2847167241032006,0.24084935582101985
32,5,0.3,4,1,1.5707963267948966,39,0.2514264314675526,0.2844686691934803
32,5,0.3,4,1,1.5707963267948966,40,0.20169026707839546,0.364783469604803
32,5,0.3,4,1,1.5707963267948966,41,0.13876148707225092,0.4996699815594643
32,5,0.3,4,1,1.5707963267948966,42,0.06675628018689447,0.7162103280246301
32,5,0.3,4,1,1.5707963267948966,43,0.0096154732714961,0.9530600494406499
32,5,0.3,4,1,1.5707963267948966,44,0.08535827598930902,0.6525996834083969
32,5,0.3,4,1,1.5707963267948966,45,0.15551777049315704,0.45951262940267734
32,5,0.3,4,1,1.5707963267948966,46,0.21550480502931807,0.3404373974233552
32,5,0.3,4,1,1.5707963267948966,47,0.26139561123701677,0.2706366706950478
32,5,0.3,4,1,1.5707963267948966,48,0.29018845891170875,0.23434935789474037
32,5,0.3,4,1,1.5707963267948966,49,0.29999999999999993,0.22313016014842993
32,5,0.3,4,2,0.0,0,0.0,1.0
32,5,0.3,4,2,0.0,1,0.0193021943814916,0.9079999350538365
32,5,0.3,4,2,0.0,2,0.07224111475342121,0.6968357325949212
32,5,0.3,4,2,0.0,3,0.1451922633642517,0.4838592033180228
32,5,0.3,4,2,0.0,4,0.21938074353612524,0.3339033438088432
32,5,0.3,4,2,0.0,5,0.2757132157337761,0.2519395556762616
32,5,0.3,4,2,0.0,6,0.2996918089125506,0.22347425883420496
32,5,0.3,4,2,0.0,7,0.28514533018536303,0.24033376099209575
32,5,0.3,4,2,0.0,8,0.23581749901832547,0.3075592599274219
32,5,0.3,4,2,0.0,9,0.16440345388615238,0.43954408073173484
32,5,0.3,4,2,0.0,10,0.08928249853164101,0.639919755411978
32,5,0.3,4,2,0.0,11,0.029787956719806618,0.8616209970523043
32,5,0.3,4,2,0.0,12,0.0012314979265130954,0.993861428856672
32,5,0.3,4,2,0.0,13,0.01096248639809669,0.9466626949392694
32,5,0.3,4,2,0.0,14,0.05647652972118994,0.7539851179725149
32,5,0.3,4,2,0.0,15,0.1260600157449929,0.5324320055151373
32,5,0.3,4,2,0.0,16,0.20180475816319607,0.3645747070883596
32,5,0.3,4,2,0.0,17,0.26421689375537005,0.2668457591001495
32,5,0.3,4,2,0.0,18,0.2972338735486596,0.22623763094717375
32,5,0.3,4,2,0.0,19,0.29235836205160026,0.23182052397488523
32,5,0.3,4,2,0.0,20,0.25084513353919763,0.2852966771492785
32,5,0.3,4,2,0.0,21,0.18337814009344724,0.3997600845408345
32,5,0.3,4,2,0.0,22,0.10732086200534545,0.5847304483283048
32,5,0.3,4,2,0.0,23,0.04224759748534097,0.8095813737650658
32,5,0.3,4,2,0.0,24,0.004905770544145635,0.9757695349063638
32,5,0.3,4,2,0.0,25,0.004905770544145597,0.9757695349063639
32,5,0.3,4,2,0.0,26,0.04224759748534069,0.8095813737650669
32,5,0.3,4,2,0.0,27,0.10732086200534482,0.5847304483283067
32,5,0.3,4,2,0.0,28,0.18337814009344713,0.3997600845408347
32,5,0.3,4,2,0.0,29,0.25084513353919735,0.285296677149279
32,5,0.3,4,2,0.0,30,0.2923583620516001,0.23182052397488542
32,5,0.3,4,2,0.0,31,0.2972338735486598,0.22623763094717345
32,5,0.3,4,2,0.0,32,0.26421689375537033,0.26684575910014924
32,5,0.3,4,2,0.0,33,0.2018047581631962,0.36457470708835926
32,5,0.3,4,2,0.0,34,0.12606001574499343,0.5324320055151359
32,5,0.3,4,2,0.0,35,0.05647652972119047,0.7539851179725129
32,5,0.3,4,2,0.0,36,0.010962486398096894,0.9466626949392684
32,5,0.3,4,2,0.0,37,0.0012314979265130603,0.9938614288566721
32,5,0.3,4,2,0.0,38,0.029787956719806528,0.8616209970523047
32,5,0.3,4,2,0.0,39,0.08928249853164018,0.6399197554119807
32,5,0.3,4,2,0.0,40,0.16440345388615177,0.4395440807317363
32,5,0.3,4,2,0.0,41,0.23581749901832505,0.3075592599274225
32,5,0.3,4,2,0.0,42,0.28514533018536287,0.24033376099209602
32,5,0.3,4,2,0.0,43,0.2996918089125506,0.22347425883420496
32,5,0.3,4,2,0.0,44,0.27571321573377655,0.25193955567626103
32,5,0.3,4,2,0.0,45,0.21938074353612572,0.3339033438088423
32,5,0.3,4,2,0.0,46,0.145192263364252,0.483859203318022
32,5,0.3,4,2,0.0,47,0.07224111475342126,0.6968357325949209
32,5,0.3,4,2,0.0,48,0.019302194381491784,0.9079999350538358
32,5,0.3,4,2,0.0,49,7.198846956776917e-32,1.0
32,5,0.3,4,2,0.7853981633974483,0,0.15000000000000002,0.47236655274101463
32,5,0.3,4,2,0.7853981633974483,1,0.2236076328005906,0.3269205303729642
32,5,0.3,4,2,0.7853981633974483,2,0.27827141445080195,0.2487375206970362
32,5,0.3,4,2,0.7853981633974483,3,0.29992293243010326,0.2232161572123941
32,5,0.3,4,2,0.7853981633974483,4,0.28298989595595014,0.24293788641425199
32,5,0.3,4,2,0.7853981633974483,5,0.2318302351815823,0.313752388471199
32,5,0.3,4,2,0.7853981633974483,6,0.15961053299710695,0.45020481064859363
32,5,0.3,4,2,0.7853981633974483,7,0.08491743913236628,0.6540397198445899
32,5,0.3,4,2,0.7853981633974483,8,0.02697416181045666,0.8738287951663054
32,5,0.3,4,2,0.7853981633974483,9,0.0006931330576202803,0.9965403331982604
32,5,0.3,4,2,0.7853981633974483,10,0.012838106547628068,0.9378262958947666
32,5,0.3,4,2,0.7853981633974483,11,0.06028342042631745,0.7397691490984198
32,5,0.3,4,2,0.7853981633974483,12,0.13081842574732397,0.5199138632433848
32,5,0.3,4,2,0.7853981633974483,13,0.20629005073190612,0.3564895851715661
32,5,0.3,4,2,0.7853981633974483,14,0.2672747223702044,0.26279694641857
32,5,0.3,4,2,0.7853981633974483,15,0.2980772675121675,0.22528560243444304
32,5,0.3,4,2,0.7853981633974483,16,0.2907702633074641,0.23366862108114467
32,5,0.3,4,2,0.7853981633974483,17,0.2472342592961683,0.29049430805957377
32,5,0.3,4,2,0.7853981633974483,18,0.1786737943052061,0.4092745930644959
32,5,0.3,4,2,0.7853981633974483,19,0.10273376729645686,0.5982964952310087
32,5,0.3,4,2,0.7853981633974483,20,0.03895830043870287,0.8230062351634271
32,5,0.3,4,2,0.7853981633974483,21,0.003760813172726475,0.981371627608828
32,5,0.3,4,2,0.7853981633974483,22,0.006199822044500799,0.9694764356939576
32,5,0.3,4,2,0.7853981633974483,23,0.04564761740947693,0.7959347355236154
32,5,0.3,4,2,0.7853981633974483,24,0.11195181241357367,0.5713467063604587
32,5,0.3,4,2,0.7853981633974483,25,0.1880481875864262,0.3905337296329118
32,5,0.3,4,2,0.7853981633974483,26,0.25435238259052273,0.2803372565486055
32,5,0.3,4,2,0.7853981633974483,27,0.29380017795549895,0.23015532088586774
32,5,0.3,4,2,0.7853981633974483,28,0.29623918682727346,0.2273656114270393
32,5,0.3,4,2,0.7853981633974483,29,0.2610416995612974,0.27111600206056974
32,5,0.3,4,2,0.7853981633974483,30,0.19726623270354357,0.3729424489813807
32,5,0.3,4,2,0.7853981633974483,31,0.12132620569479484,0.5451844896545205
32,5,0.3,4,2,0.7853981633974483,32,0.05276574070383174,0.7681051020891978
32,5,0.3,4,2,0.7853981633974483,33,0.009229736692536043,0.9548999738006956
32,5,0.3,4,2,0.7853981633974483,34,0.0019227324878323833,0.9904324010823538
32,5,0.3,4,2,0.7853981633974483,35,0.032725277629794956,0.8490591812015955
32,5,0.3,4,2,0.7853981633974483,36,0.09370994926809369,0.625909337690876
32,5,0.3,4,2,0.7853981633974483,37,0.16918157425267552,0.429167552402767
32,5,0.3,4,2,0.7853981633974483,38,0.23971657957368256,0.3016213374406944
32,5,0.3,4,2,0.7853981633974483,39,0.2871618934523715,0.23792269541295497
32,5,0.3,4,2,0.7853981633974483,40,0.29930686694237985,0.22390479613838
32,5,0.3,4,2,0.7853981633974483,41,0.2730258381895438,0.2553476852476161
32,5,0.3,4,2,0.7853981633974483,42,0.21508256086763358,0.34115689518283276
32,5,0.3,4,2,0.7853981633974483,43,0.14038946700289323,0.4956192267847476
32,5,0.3,4,2,0.7853981633974483,44,0.06816976481841809,0.7111664113081698
32,5,0.3,4,2,0.7853981633974483,45,0.017010104044050362,0.9184658821306817
32,5,0.3,4,2,0.7853981633974483,46,7.70675698968188e-05,0.9996147363836098
32,5,0.3,4,2,0.7853981633974483,47,0.021728585549197908,0.8970506722232868
32,5,0.3,4,2,0.7853981633974483,48,0.07639236719940871,0.6825211004456486
32,5,0.3,4,2,0.7853981633974483,49,0.15000000000000016,0.47236655274101436
32,5,0.3,4,2,1.5707963267948966,0,0.3,0.22313016014842982
32,5,0.3,4,2,1.5707963267948966,1,0.28069780561850854,0.24573807941428982
32,5,0.3,4,2,1.5707963267948966,2,0.22775888524657883,0.3202048197464322
32,5,0.3,4,2,1.5707963267948966,3,0.1548077366357483,0.46114687623658707
32,5,0.3,4,2,1.5707963267948966,4,0.0806192564638747,0.6682477557821944
32,5,0.3,4,2,1.5707963267948966,5,0.02428678426622396,0.8856495739603056
32,5,0.3,4,2,1.5707963267948966,6,0.00030819108744954866,0.9984602312249727
32,5,0.3,4,2,1.5707963267948966,7,0.014854669814637117,0.9284178769863635
32,5,0.3,4,2,1.5707963267948966,8,0.06418250098167448,0.7254867247407357
32,5,0.3,4,2,1.5707963267948966,9,0.1355965461138476,0.5076400068383858
32,5,0.3,4,2,1.5707963267948966,10,0.2107175014683589,0.3486845940625469
32,5,0.3,4,2,1.5707963267948966,11,0.27021204328019344,0.2589655555189363
32,5,0.3,4,2,1.5707963267948966,12,0.2987685020734869,0.22450832044575525
32,5,0.3,4,2,1.5707963267948966,13,0.2890375136019034,0.23570186228025397
32,5,0.3,4,2,1.5707963267948966,14,0.24352347027880997,0.29593443534858166
32,5,0.3,4,2,1.5707963267948966,15,0.17393998425500728,0.4190772865589612
32,5,0.3,4,2,1.5707963267948966,16,0.09819524183680393,0.612028634488764
32,5,0.3,4,2,1.5707963267948966,17,0.03578310624462996,0.8361765272225559
32,5,0.3,4,2,1.5707963267948966,18,0.00276612645134024,0.986264571522722
32,5,0.3,4,2,1.5707963267948966,19,0.0076416379483997005,0.9625125347943875
32,5,0.3,4,2,1.5707963267948966,20,0.04915486646080227,0.7820986994239664
32,5,0.3,4,2,1.5707963267948966,21,0.11662185990655273,0.5581601785098624
32,5,0.3,4,2,1.5707963267948966,22,0.19267913799465458,0.38159490545830155
32,5,0.3,4,2,1.5707963267948966,23,0.257752402514659,0.2756117758870037
32,5,0.3,4,2,1.5707963267948966,24,0.29509422945585423,0.22867096395855593
32,5,0.3,4,2,1.5707963267948966,25,0.2950942294558544,0.22867096395855574
32,5,0.3,4,2,1.5707963267948966,26,0.25775240251465914,0.2756117758870035
32,5,0.3,4,2,1.5707963267948966,27,0.19267913799465522,0.38159490545830027
32,5,0.3,4,2,1.5707963267948966,28,0.1166218599065529,0.5581601785098619
32,5,0.3,4,2,1.5707963267948966,29,0.04915486646080241,0.7820986994239658
32,5,0.3,4,2,1.5707963267948966,30,0.0076416379483997595,0.9625125347943871
32,5,0.3,4,2,1.5707963267948966,31,0.002766126451340103,0.9862645715227226
32,5,0.3,4,2,1.5707963267948966,32,0.035783106244629666,0.836176527222557
32,5,0.3,4,2,1.5707963267948966,33,0.09819524183680377,0.6120286344887644
32,5,0.3,4,2,1.5707963267948966,34,0.17393998425500662,0.4190772865589626
32,5,0.3,4,2,1.5707963267948966,35,0.24352347027880944,0.2959344353485825
32,5,0.3,4,2,1.5707963267948966,36,0.2890375136019031,0.23570186228025428
32,5,0.3,4,2,1.5707963267948966,37,0.298768502073487,0.22450832044575514
32,5,0.3,4,2,1.5707963267948966,38,0.2702120432801935,0.25896555551893624
32,5,0.3,4,2,1.5707963267948966,39,0.21071750146835982,0.34868459406254537
32,5,0.3,4,2,1.5707963267948966,40,0.1355965461138483,0.507640006838384
32,5,0.3,4,2,1.5707963267948966,41,0.06418250098167486,0.7254867247407343
32,5,0.3,4,2,1.5707963267948966,42,0.0148546698146372,0.928417876986363
32,5,0.3,4,2,1.5707963267948966,43,0.0003081910874495197,0.9984602312249728
32,5,0.3,4,2,1.5707963267948966,44,0.024286784266223493,0.8856495739603077
32,5,0.3,4,2,1.5707963267948966,45,0.08061925646387423,0.6682477557821961
32,5,0.3,4,2,1.5707963267948966,46,0.15480773663574798,0.4611468762365878
32,5,0.3,4,2,1.5707963267948966,47,0.22775888524657864,0.32020481974643256
32,5,0.3,4,2,1.5707963267948966,48,0.28069780561850827,0.24573807941429018
32,5,0.3,4,2,1.5707963267948966,49,0.2999999999999999,0.22313016014842998
32,10,0.3,2,1,0.0,0,0.0,1.0
32,10,0.3,2,1,0.0,1,0.038363148505351795,0.6813824805465993
32,10,0.3,2,1,0.0,2,0.07609637517285221,0.4672159298011077
32,10,0.3,2,1,0.0,3,0.11258010146381224,0.32439252010437
32,10,0.3,2,1,0.0,4,0.14721526560118134,0.22943106705577335
32,10,0.3,2,1,0.0,5,0.1794331591473647,0.1662385304710901
32,10,0.3,2,1,0.0,6,0.20870476518104591,0.12405284289062651
32,10,0.3,2,1,0.0,7,0.23454944474040895,0.09579982244456262
32,10,0.3,2,1,0.0,8,0.2565428289016038,0.07688624485499297
32,10,0.3,2,1,0.0,9,0.2743237869047437,0.06436161467173913
32,10,0.3,2,1,0.0,10,0.2876003559109982,0.056359550972745566
32,10,0.3,2,1,0.0,11,0.29615453502433503,0.05173890063917161
32,10,0.3,2,1,0.0,12,0.2998458648602064,0.04986386690685498
32,10,0.3,2,1,0.0,13,0.2986137338847594,0.0504820556834474
32,10,0.3,2,1,0.0,14,0.29247837365454715,0.05367629887942545
32,10,0.3,2,1,0.0,15,0.2815405266149282,0.0598804463041551
32,10,0.3,2,1,0.0,16,0.2659797919119,0.0699623583712528
32,10,0.3,2,1,0.0,17,0.24605167637908681,0.08539081268370231
32,10,0.3,2,1,0.0,18,0.22208339912259475,0.10851856754170584
32,10,0.3,2,1,0.0,19,0.1944685185923365,0.14303224481510424
32,10,0.3,2,1,0.0,20,0.16366047036316467,0.1946397813951162
32,10,0.3,2,1,0.0,21,0.13016512173526745,0.27208215513531187
32,10,0.3,2,1,0.0,22,0.09453246540708639,0.3885534049780467
32,10,0.3,2,1,0.0,23,0.05734758861041176,0.563563149009033
32,10,0.3,2,1,0.0,24,0.019221065994213967,0.8251330277058062
32,10,0.3,2,1,0.0,25,0.019221065994213894,0.8251330277058069
32,10,0.3,2,1,0.0,26,0.057347588610411566,0.5635631490090341
32,10,0.3,2,1,0.0,27,0.09453246540708608,0.3885534049780478
32,10,0.3,2,1,0.0,28,0.1301651217352674,0.27208215513531203
32,10,0.3,2,1,0.0,29,0.1636604703631645,0.1946397813951166
32,10,0.3,2,1,0.0,30,0.19446851859233635,0.14303224481510446
32,10,0.3,2,1,0.0,31,0.22208339912259453,0.10851856754170608
32,10,0.3,2,1,0.0,32,0.2460516763790867,0.08539081268370242
32,10,0.3,2,1,0.0,33,0.26597979191189997,0.0699623583712528
32,10,0.3,2,1,0.0,34,0.28154052661492807,0.05988044630415518
32,10,0.3,2,1,0.0,35,0.29247837365454704,0.05367629887942555
32,10,0.3,2,1,0.0,36,0.29861373388475937,0.0504820556834474
32,10,0.3,2,1,0.0,37,0.2998458648602064,0.04986386690685498
32,10,0.3,2,1,0.0,38,0.29615453502433503,0.05173890063917161
32,10,0.3,2,1,0.0,39,0.2876003559109983,0.05635955097274549
32,10,0.3,2,1,0.0,40,0.2743237869047438,0.06436161467173904
32,10,0.3,2,1,0.0,41,0.2565428289016039,0.0768862448549929
32,10,0.3,2,1,0.0,42,0.234549444740409,0.09579982244456257
32,10,0.3,2,1,0.0,43,0.20870476518104608,0.1240528428906263
32,10,0.3,2,1,0.0,44,0.17943315914736505,0.16623853047108955
32,10,0.3,2,1,0.0,45,0.14721526560118156,0.2294310670557728
32,10,0.3,2,1,0.0,46,0.11258010146381237,0.32439252010436953
32,10,0.3,2,1,0.0,47,0.07609637517285225,0.46721592980110743
32,10,0.3,2,1,0.0,48,0.03836314850535199,0.681382480546598
32,10,0.3,2,1,0.0,49,7.347880794884119e-17,0.9999999999999993
32,10,0.3,2,1,0.7853981633974483,0,0.21213203435596426,0.11987325010376207
32,10,0.3,2,1,0.7853981633974483,1,0.23751727574205594,0.09299842165536748
32,10,0.3,2,1,0.7853981633974483,2,0.2590024900269825,0.07501817208934344
32,10,0.3,2,1,0.7853981633974483,3,0.27623489058617645,0.06314327641900781
32,10,0.3,2,1,0.7853981633974483,4,0.2889315218788711,0.05561428319119519
32,10,0.3,2,1,0.7853981633974483,5,0.29688390557025773,0.051362905203957844
32,10,0.3,2,1,0.7853981633974483,6,0.2999614637399794,0.04980625813925943
32,10,0.3,2,1,0.7853981633974483,7,0.29811366296797276,0.050735134020300124
32,10,0.3,2,1,0.7853981633974483,8,0.29137084409182923,0.054274083970535035
32,10,0.3,2,1,0.7853981633974483,9,0.27984372401107943,0.06090516844637425
32,10,0.3,2,1,0.7853981633974483,10,0.26372157771876514,0.07156023208047423
32,10,0.3,2,1,0.7853981633974483,11,0.24326913041128537,0.08780021723750583
32,10,0.3,2,1,0.7853981633974483,12,0.21882221070799024,0.1121159015962129
32,10,0.3,2,1,0.7853981633974483,13,0.19078223635453662,0.148403203204568
32,10,0.3,2,1,0.7853981633974483,14,0.15960962295460096,0.20268621605346293
32,10,0.3,2,1,0.7853981633974483,15,0.1258162239583972,0.28417579393643955
32,10,0.3,2,1,0.7853981633974483,16,0.08995692604317357,0.40674482310249227
32,10,0.3,2,1,0.7853981633974483,17,0.05262053788931458,0.5908427455905785
32,10,0.3,2,1,0.7853981633974483,18,0.014420121958086347,0.865713532017893
32,10,0.3,2,1,0.7853981633974483,19,0.024017071977028008,0.7864935796013928
32,10,0.3,2,1,0.7853981633974483,20,0.0620599062542671,0.537622271740456
32,10,0.3,2,1,0.7853981633974483,21,0.09908371858655009,0.37126574244740973
32,10,0.3,2,1,0.7853981633974483,22,0.13448057899895893,0.26059031219312645
32,10,0.3,2,1,0.7853981633974483,23,0.16766927202212137,0.18699138733482798
32,10,0.3,2,1,0.7853981633974483,24,0.1981048402341477,0.1379245610519262
32,10,0.3,2,1,0.7853981633974483,25,0.2252875324464334,0.10509660286923142
32,10,0.3,2,1,0.7853981633974483,26,0.24877100960435852,0.08310003997752072
32,10,0.3,2,1,0.7853981633974483,27,0.2681696736622257,0.0684469191776436
32,10,0.3,2,1,0.7853981633974483,28,0.28316499909251025,0.058915563282629015
32,10,0.3,2,1,0.7853981633974483,29,0.29351076306621465,0.05312500111963118
32,10,0.3,2,1,0.7853981633974483,30,0.2990370884249147,0.050268789363600914
32,10,0.3,2,1,0.7853981633974483,31,0.29965323305900426,0.049960013146212214
32,10,0.3,2,1,0.7853981633974483,32,0.29534907989062575,0.05215731708678408
32,10,0.3,2,1,0.7853981633974483,33,0.2861953029958092,0.05715702181079808
32,10,0.3,2,1,0.7853981633974483,34,0.27234220713809765,0.06564971159049064
32,10,0.3,2,1,0.7853981633974483,35,0.2540172597684854,0.07885278880730423
32,10,0.3,2,1,0.7853981633974483,36,0.2315213560161607,0.09874509373201555
32,10,0.3,2,1,0.7853981633974483,37,0.2052238779988039,0.12844701683967896
32,10,0.3,2,1,0.7853981633974483,38,0.17555662957842708,0.17280935336899478
32,10,0.3,2,1,0.7853981633974483,39,0.14300674615389797,0.23929277864011075
32,10,0.3,2,1,0.7853981633974483,40,0.10810869591115628,0.33922659973410674
32,10,0.3,2,1,0.7853981633974483,41,0.07143550387037964,0.4895077235425882
32,10,0.3,2,1,0.7853981633974483,42,0.03358934283099243,0.7146992684665304
32,10,0.3,2,1,0.7853981633974483,43,0.004808354289051897,0.9530541628519463
32,10,0.3,2,1,0.7853981633974483,44,0.04312709836460412,0.6496828334958045
32,10,0.3,2,1,0.7853981633974483,45,0.0807376966773228,0.44602647543001034
32,10,0.3,2,1,0.7853981633974483,46,0.11702258424271393,0.31029685515667227
32,10,0.3,2,1,0.7853981633974483,47,0.15138596421010364,0.22005898782300762
32,10,0.3,2,1,0.7853981633974483,48,0.1832635908304541,0.1599912891081355
32,10,0.3,2,1,0.7853981633974483,49,0.2121320343559642,0.11987325010376211
32,10,0.3,2,1,1.5707963267948966,0,0.3,0.049787068367863986
32,10,0.3,2,1,1.5707963267948966,1,0.2975370041469738,0.05102854783119827
32,10,0.3,2,1,1.5707963267948966,2,0.2901884589117089,0.054919621545676985
32,10,0.3,2,1,1.5707963267948966,3,0.2780750272038065,0.061991979076613885
32,10,0.3,2,1,1.5707963267948966,4,0.2613956112370168,0.07324420752489973
32,10,0.3,2,1,1.5707963267948966,5,0.240424086560387,0.09033404526819515
32,10,0.3,2,1,1.5707963267948966,6,0.21550480502931826,0.11589762156438727
32,10,0.3,2,1,1.5707963267948966,7,0.18704694055762003,0.15405133228612114
32,10,0.3,2,1,1.5707963267948966,8,0.15551777049315751,0.2111518565805613
32,10,0.3,2,1,1.5707963267948966,9,0.12143500293671822,0.29690292977770727
32,10,0.3,2,1,1.5707963267948966,10,0.08535827598930983,0.4258863467847364
32,10,0.3,2,1,1.5707963267948966,11,0.04787996851001388,0.6195265726674144
32,10,0.3,2,1,1.5707963267948966,12,0.009615473271496552,0.90832345783981
32,10,0.3,2,1,1.5707963267948966,13,0.028806907772304376,0.7497098022042131
32,10,0.3,2,1,1.5707963267948966,14,0.06675628018689429,0.512957233969149
32,10,0.3,2,1,1.5707963267948966,15,0.10360951632639213,0.35483756299060754
32,10,0.3,2,1,1.5707963267948966,16,0.1387614870722505,0.2496700904716364
32,10,0.3,2,1,1.5707963267948966,17,0.1716349980366508,0.17972093713686804
32,10,0.3,2,1,1.5707963267948966,18,0.20169026707839494,0.13306697969691886
32,10,0.3,2,1,1.5707963267948966,19,0.22843378751074034,0.10184147156050107
32,10,0.3,2,1,1.5707963267948966,20,0.2514264314675521,0.08092242375271017
32,10,0.3,2,1,1.5707963267948966,21,0.2702906603707257,0.06701045656010488
32,10,0.3,2,1,1.5707963267948966,22,0.28471672410320054,0.0580084121994003
32,10,0.3,2,1,1.5707963267948966,23,0.2944677470973196,0.05261902824369235
32,10,0.3,2,1,1.5707963267948966,24,0.29938361782510087,0.05009489470141767
32,10,0.3,2,1,1.5707963267948966,25,0.2993836178251009,0.0500948947014176
32,10,0.3,2,1,1.5707963267948966,26,0.29446774709731965,0.05261902824369233
32,10,0.3,2,1,1.5707963267948966,27,0.2847167241032007,0.05800841219940019
32,10,0.3,2,1,1.5707963267948966,28,0.2702906603707257,0.06701045656010483
32,10,0.3,2,1,1.5707963267948966,29,0.2514264314675523,0.08092242375270998
32,10,0.3,2,1,1.5707963267948966,30,0.2284337875107406,0.10184147156050079
32,10,0.3,2,1,1.5707963267948966,31,0.20169026707839519,0.13306697969691858
32,10,0.3,2,1,1.5707963267948966,32,0.17163499803665097,0.17972093713686776
32,10,0.3,2,1,1.5707963267948966,33,0.13876148707225058,0.24967009047163607
32,10,0.3,2,1,1.5707963267948966,34,0.10360951632639247,0.35483756299060637
32,10,0.3,2,1,1.5707963267948966,35,0.06675628018689465,0.5129572339691472
32,10,0.3,2,1,1.5707963267948966,36,0.02880690777230475,0.7497098022042105
32,10,0.3,2,1,1.5707963267948966,37,0.009615473271496441,0.908323457839811
32,10,0.3,2,1,1.5707963267948966,38,0.04787996851001377,0.6195265726674152
32,10,0.3,2,1,1.5707963267948966,39,0.08535827598930935,0.4258863467847386
32,10,0.3,2,1,1.5707963267948966,40,0.12143500293671788,0.2969029297777082
32,10,0.3,2,1,1.5707963267948966,41,0.15551777049315732,0.2111518565805617
32,10,0.3,2,1,1.5707963267948966,42,0.18704694055761997,0.15405133228612125
32,10,0.3,2,1,1.5707963267948966,43,0.21550480502931815,0.11589762156438747
32,10,0.3,2,1,1.5707963267948966,44,0.2404240865603868,0.09033404526819531
32,10,0.3,2,1,1.5707963267948966,45,0.26139561123701666,0.07324420752489985
32,10,0.3,2,1,1.5707963267948966,46,0.27807502720380645,0.06199197907661394
32,10,0.3,2,1,1.5707963267948966,47,0.29018845891170886,0.05491962154567706
32,10,0.3,2,1,1.5707963267948966,48,0.29753700414697376,0.05102854783119827
32,10,0.3,2,1,1.5707963267948966,49,0.29999999999999993,0.04978706836786401
32,10,0.3,2,2,0.0,0,0.0,1.0
32,10,0.3,2,2,0.0,1,0.0049057705441455865,0.9521261852513816
32,10,0.3,2,2,0.0,2,0.0193021943814916,0.8244638820577715
32,10,0.3,2,2,0.0,3,0.04224759748534087,0.6554220007473318
32,10,0.3,2,2,0.0,4,0.07224111475342121,0.4855800382211005
32,10,0.3,2,2,0.0,5,0.10732086200534506,0.34190969720222175
32,10,0.3,2,2,0.0,6,0.1451922633642517,0.23411972863555167
32,10,0.3,2,2,0.0,7,0.18337814009344722,0.15980812519209514
32,10,0.3,2,2,0.0,8,0.21938074353612524,0.11149144300672648
32,10,0.3,2,2,0.0,9,0.2508451335391974,0.08139419399241983
32,10,0.3,2,2,0.0,10,0.2757132157337761,0.0634735397143521
32,10,0.3,2,2,0.0,11,0.29235836205160026,0.05374075533599034
32,10,0.3,2,2,0.0,12,0.2996918089125506,0.04994074436149728
32,10,0.3,2,2,0.0,13,0.29723387354865977,0.0511834656565895
32,10,0.3,2,2,0.0,14,0.28514533018536303,0.057760316672605824
32,10,0.3,2,2,0.0,15,0.2642168937553703,0.07120665914973495
32,10,0.3,2,2,0.0,16,0.23581749901832547,0.09459269836710339
32,10,0.3,2,2,0.0,17,0.20180475816319624,0.13291471704856295
32,10,0.3,2,2,0.0,18,0.16440345388615238,0.19319899890630585
32,10,0.3,2,2,0.0,19,0.12606001574499306,0.28348384049687075
32,10,0.3,2,2,0.0,20,0.08928249853164101,0.4094972933665258
32,10,0.3,2,2,0.0,21,0.05647652972118998,0.568493558124027
32,10,0.3,2,2,0.0,22,0.029787956719806618,0.7423907425614071
32,10,0.3,2,2,0.0,23,0.010962486398096763,0.8961702579896794
32,10,0.3,2,2,0.0,24,0.0012314979265130954,0.9877605397690253
32,10,0.3,2,2,0.0,25,0.0012314979265130859,0.9877605397690254
32,10,0.3,2,2,0.0,26,0.01096248639809669,0.8961702579896801
32,10,0.3,2,2,0.0,27,0.02978795671980642,0.7423907425614086
32,10,0.3,2,2,0.0,28,0.05647652972118994,0.5684935581240272
32,10,0.3,2,2,0.0,29,0.08928249853164082,0.40949729336652657
32,10,0.3,2,2,0.0,30,0.1260600157449929,0.28348384049687125
32,10,0.3,2,2,0.0,31,0.1644034538861521,0.1931989989063064
32,10,0.3,2,2,0.0,32,0.20180475816319607,0.13291471704856317
32,10,0.3,2,2,0.0,33,0.23581749901832533,0.0945926983671036
32,10,0.3,2,2,0.0,34,0.26421689375537005,0.07120665914973508
32,10,0.3,2,2,0.0,35,0.2851453301853628,0.05776031667260595
32,10,0.3,2,2,0.0,36,0.2972338735486596,0.05118346565658959
32,10,0.3,2,2,0.0,37,0.2996918089125506,0.04994074436149723
32,10,0.3,2,2,0.0,38,0.29235836205160026,0.05374075533599034
32,10,0.3,2,2,0.0,39,0.2757132157337764,0.06347353971435193
32,10,0.3,2,2,0.0,40,0.25084513353919763,0.08139419399241965
32,10,0.3,2,2,0.0,41,0.2193807435361254,0.11149144300672627
32,10,0.3,2,2,0.0,42,0.18337814009344724,0.15980812519209514
32,10,0.3,2,2,0.0,43,0.14519226336425195,0.23411972863555106
32,10,0.3,2,2,0.0,44,0.10732086200534545,0.3419096972022204
32,10,0.3,2,2,0.0,45,0.07224111475342145,0.4855800382210994
32,10,0.3,2,2,0.0,46,0.04224759748534097,0.6554220007473313
32,10,0.3,2,2,0.0,47,0.019302194381491618,0.8244638820577713
32,10,0.3,2,2,0.0,48,0.004905770544145635,0.9521261852513812
32,10,0.3,2,2,0.0,49,1.799711739194229e-32,1.0
32,10,0.3,2,2,0.7853981633974483,0,0.15000000000000002,0.2231301601484298
32,10,0.3,2,2,0.7853981633974483,1,0.18804818758642614,0.15251659398099224
32,10,0.3,2,2,0.7853981633974483,2,0.2236076328005906,0.1068770331793401
32,10,0.3,2,2,0.7853981633974483,3,0.2543523825905229,0.0785889774091985
32,10,0.3,2,2,0.7853981633974483,4,0.27827141445080195,0.061870354202508526
32,10,0.3,2,2,0.7853981633974483,5,0.29380017795549906,0.052971471732076676
32,10,0.3,2,2,0.7853981633974483,6,0.29992293243010326,0.04982545284066823
32,10,0.3,2,2,0.7853981633974483,7,0.29623918682727346,0.05169512125959142
32,10,0.3,2,2,0.7853981633974483,8,0.28298989595595014,0.059018816655424015
32,10,0.3,2,2,0.7853981633974483,9,0.26104169956129736,0.07350388657330689
32,10,0.3,2,2,0.7853981633974483,10,0.2318302351815823,0.09844056127138216
32,10,0.3,2,2,0.7853981633974483,11,0.19726623270354327,0.13908607025223016
32,10,0.3,2,2,0.7853981633974483,12,0.15961053299710695,0.20268437153113597
32,10,0.3,2,2,0.7853981633974483,13,0.12132620569479426,0.2972261277598618
32,10,0.3,2,2,0.7853981633974483,14,0.08491743913236628,0.42776795513438937
32,10,0.3,2,2,0.7853981633974483,15,0.05276574070383189,0.5899854478554559
32,10,0.3,2,2,0.7853981633974483,16,0.02697416181045666,0.763576763261797
32,10,0.3,2,2,0.7853981633974483,17,0.00922973669253597,0.9118339599645697
32,10,0.3,2,2,0.7853981633974483,18,0.0006931330576202803,0.9930926356908999
32,10,0.3,2,2,0.7853981633974483,19,0.00192273248783248,0.9809563411137554
32,10,0.3,2,2,0.7853981633974483,20,0.012838106547628068,0.8795181612716986
32,10,0.3,2,2,0.7853981633974483,21,0.032725277629795504,0.7209014931827201
32,10,0.3,2,2,0.7853981633974483,22,0.06028342042631745,0.5472583939578001
32,10,0.3,2,2,0.7853981633974483,23,0.09370994926809377,0.3917624990086306
32,10,0.3,2,2,0.7853981633974483,24,0.13081842574732397,0.27031042519266096
32,10,0.3,2,2,0.7853981633974483,25,0.16918157425267596,0.18418478803538108
32,10,0.3,2,2,0.7853981633974483,26,0.20629005073190612,0.12708482433579527
32,10,0.3,2,2,0.7853981633974483,27,0.23971657957368214,0.0909754311995136
32,10,0.3,2,2,0.7853981633974483,28,0.2672747223702044,0.06906223504692471
32,10,0.3,2,2,0.7853981633974483,29,0.287161893452372,0.05660720899256546
32,10,0.3,2,2,0.7853981633974483,30,0.2980772675121675,0.050753602664249955
32,10,0.3,2,2,0.7853981633974483,31,0.2993068669423798,0.05013335773376953
32,10,0.3,2,2,0.7853981633974483,32,0.2907702633074641,0.05460102447796357
32,10,0.3,2,2,0.7853981633974483,33,0.27302583818954346,0.06520244036131587
32,10,0.3,2,2,0.7853981633974483,34,0.2472342592961683,0.08438694301501054
32,10,0.3,2,2,0.7853981633974483,35,0.21508256086763397,0.11638802713078988
32,10,0.3,2,2,0.7853981633974483,36,0.1786737943052061,0.1675056925281087
32,10,0.3,2,2,0.7853981633974483,37,0.14038946700289315,0.24563841795871125
32,10,0.3,2,2,0.7853981633974483,38,0.10273376729645686,0.35795869620570847
32,10,0.3,2,2,0.7853981633974483,39,0.06816976481841804,0.5057576645729412
32,10,0.3,2,2,0.7853981633974483,40,0.03895830043870287,0.6773392631178783
32,10,0.3,2,2,0.7853981633974483,41,0.01701010404405008,0.8435795766380936
32,10,0.3,2,2,0.7853981633974483,42,0.003760813172726475,0.9630902714755999
32,10,0.3,2,2,0.7853981633974483,43,7.706756989681259e-05,0.9992296211952739
32,10,0.3,2,2,0.7853981633974483,44,0.006199822044500799,0.9398845593658602
32,10,0.3,2,2,0.7853981633974483,45,0.021728585549197942,0.8046999085362505
32,10,0.3,2,2,0.7853981633974483,46,0.04564761740947693,0.6335121032130475
32,10,0.3,2,2,0.7853981633974483,47,0.07639236719940927,0.4658350525535366
32,10,0.3,2,2,0.7853981633974483,48,0.11195181241357367,0.32643705886894425
32,10,0.3,2,2,0.7853981633974483,49,0.14999999999999994,0.22313016014842998
32,10,0.3,2,2,1.5707963267948966,0,0.3,0.049787068367863986
32,10,0.3,2,2,1.5707963267948966,1,0.2950942294558544,0.05229040975773509
32,10,0.3,2,2,1.5707963267948966,2,0.28069780561850854,0.0603872036742238
32,10,0.3,2,2,1.5707963267948966,3,0.25775240251465914,0.07596185100758786
32,10,0.3,2,2,1.5707963267948966,4,0.22775888524657883,0.10253112658884517
32,10,0.3,2,2,1.5707963267948966,5,0.1926791379946549,0.14561467187172966
32,10,0.3,2,2,1.5707963267948966,6,0.1548077366357483,0.21265644146276214
32,10,0.3,2,2,1.5707963267948966,7,0.11662185990655281,0.31154278487416115
32,10,0.3,2,2,1.5707963267948966,8,0.0806192564638747,0.44655506310793935
32,10,0.3,2,2,1.5707963267948966,9,0.04915486646080254,0.611678375640658
32,10,0.3,2,2,1.5707963267948966,10,0.02428678426622396,0.7843751678560711
32,10,0.3,2,2,1.5707963267948966,11,0.007641637948399735,0.9264303796363166
32,10,0.3,2,2,1.5707963267948966,12,0.00030819108744954866,0.9969228333378257
32,10,0.3,2,2,1.5707963267948966,13,0.0027661264513401678,0.9727178050408991
32,10,0.3,2,2,1.5707963267948966,14,0.014854669814637117,0.8619597543078662
32,10,0.3,2,2,1.5707963267948966,15,0.03578310624462972,0.6991911846779754
32,10,0.3,2,2,1.5707963267948966,16,0.06418250098167448,0.5263309877750401
32,10,0.3,2,2,1.5707963267948966,17,0.09819524183680374,0.37457904943418185
32,10,0.3,2,2,1.5707963267948966,18,0.1355965461138476,0.25769837654287625
32,10,0.3,2,2,1.5707963267948966,19,0.17393998425500692,0.17562577210962235
32,10,0.3,2,2,1.5707963267948966,20,0.2107175014683589,0.12158094613656317
32,10,0.3,2,2,1.5707963267948966,21,0.24352347027880988,0.08757719002508395
32,10,0.3,2,2,1.5707963267948966,22,0.27021204328019344,0.06706315894523127
32,10,0.3,2,2,1.5707963267948966,23,0.2890375136019033,0.055555367882379886
32,10,0.3,2,2,1.5707963267948966,24,0.2987685020734869,0.0504039859493739
32,10,0.3,2,2,1.5707963267948966,25,0.298768502073487,0.0504039859493739
32,10,0.3,2,2,1.5707963267948966,26,0.2890375136019034,0.05555536788237981
32,10,0.3,2,2,1.5707963267948966,27,0.27021204328019366,0.06706315894523114
32,10,0.3,2,2,1.5707963267948966,28,0.24352347027880997,0.08757719002508388
32,10,0.3,2,2,1.5707963267948966,29,0.21071750146835924,0.12158094613656284
32,10,0.3,2,2,1.5707963267948966,30,0.17393998425500728,0.1756257721096217
32,10,0.3,2,2,1.5707963267948966,31,0.13559654611384794,0.2576983765428755
32,10,0.3,2,2,1.5707963267948966,32,0.09819524183680393,0.37457904943418113
32,10,0.3,2,2,1.5707963267948966,33,0.06418250098167455,0.5263309877750395
32,10,0.3,2,2,1.5707963267948966,34,0.03578310624462996,0.6991911846779736
32,10,0.3,2,2,1.5707963267948966,35,0.014854669814637282,0.8619597543078646
32,10,0.3,2,2,1.5707963267948966,36,0.00276612645134024,0.9727178050408983
32,10,0.3,2,2,1.5707963267948966,37,0.00030819108744954156,0.9969228333378258
32,10,0.3,2,2,1.5707963267948966,38,0.0076416379483997005,0.9264303796363168
32,10,0.3,2,2,1.5707963267948966,39,0.024286784266223684,0.784375167856073
32,10,0.3,2,2,1.5707963267948966,40,0.04915486646080227,0.6116783756406596
32,10,0.3,2,2,1.5707963267948966,41,0.08061925646387451,0.44655506310794024
32,10,0.3,2,2,1.5707963267948966,42,0.11662185990655273,0.3115427848741614
32,10,0.3,2,2,1.5707963267948966,43,0.15480773663574807,0.2126564414627626
32,10,0.3,2,2,1.5707963267948966,44,0.19267913799465458,0.14561467187173016
32,10,0.3,2,2,1.5707963267948966,45,0.22775888524657847,0.10253112658884557
32,10,0.3,2,2,1.5707963267948966,46,0.257752402514659,0.075961851007588
32,10,0.3,2,2,1.5707963267948966,47,0.2806978056185085,0.06038720367422382
32,10,0.3,2,2,1.5707963267948966,48,0.29509422945585423,0.05229040975773519
32,10,0.3,2,2,1.5707963267948966,49,0.29999999999999993,0.049787068367863986
32,10,0.3,4,1,0.0,0,0.0,1.0
32,10,0.3,4,1,0.0,1,0.07609637517285221,0.46721592980110754
32,10,0.3,4,1,0.0,2,0.14721526560118134,0.2294310670557733
32,10,0.3,4,1,0.0,3,0.20870476518104591,0.12405284289062651
32,10,0.3,4,1,0.0,4,0.2565428289016038,0.07688624485499297
32,10,0.3,4,1,0.0,5,0.2876003559109982,0.05635955097274554
32,10,0.3,4,1,0.0,6,0.2998458648602064,0.04986386690685498
32,10,0.3,4,1,0.0,7,0.29247837365454715,0.0536762988794255
32,10,0.3,4,1,0.0,8,0.2659797919119,0.06996235837125277
32,10,0.3,4,1,0.0,9,0.22208339912259475,0.10851856754170584
32,10,0.3,4,1,0.0,10,0.16366047036316467,0.19463978139511623
32,10,0.3,4,1,0.0,11,0.09453246540708639,0.38855340497804663
32,10,0.3,4,1,0.0,12,0.019221065994213967,0.8251330277058064
32,10,0.3,4,1,0.0,13,0.057347588610411566,0.5635631490090341
32,10,0.3,4,1,0.0,14,0.1301651217352674,0.27208215513531203
32,10,0.3,4,1,0.0,15,0.19446851859233635,0.1430322448151044
32,10,0.3,4,1,0.0,16,0.2460516763790867,0.08539081268370242
32,10,0.3,4,1,0.0,17,0.28154052661492807,0.05988044630415518
32,10,0.3,4,1,0.0,18,0.29861373388475937,0.05048205568344742
32,10,0.3,4,1,0.0,19,0.29615453502433503,0.05173890063917159
32,10,0.3,4,1,0.0,20,0.2743237869047438,0.06436161467173904
32,10,0.3,4,1,0.0,21,0.234549444740409,0.09579982244456257
32,10,0.3,4,1,0.0,22,0.17943315914736505,0.16623853047108944
32,10,0.3,4,1,0.0,23,0.11258010146381237,0.32439252010436964
32,10,0.3,4,1,0.0,24,0.03836314850535199,0.681382480546598
32,10,0.3,4,1,0.0,25,0.038363148505351836,0.6813824805465989
32,10,0.3,4,1,0.0,26,0.112580101463812,0.3243925201043707
32,10,0.3,4,1,0.0,27,0.17943315914736452,0.16623853047109038
32,10,0.3,4,1,0.0,28,0.23454944474040892,0.09579982244456266
32,10,0.3,4,1,0.0,29,0.2743237869047436,0.06436161467173916
32,10,0.3,4,1,0.0,30,0.2961545350243349,0.05173890063917164
32,10,0.3,4,1,0.0,31,0.2986137338847595,0.0504820556834474
32,10,0.3,4,1,0.0,32,0.28154052661492823,0.05988044630415507
32,10,0.3,4,1,0.0,33,0.2460516763790868,0.08539081268370236
32,10,0.3,4,1,0.0,34,0.19446851859233674,0.14303224481510388
32,10,0.3,4,1,0.0,35,0.130165121735268,0.2720821551353104
32,10,0.3,4,1,0.0,36,0.0573475886104121,0.5635631490090312
32,10,0.3,4,1,0.0,37,0.019221065994213693,0.8251330277058085
32,10,0.3,4,1,0.0,38,0.09453246540708625,0.38855340497804713
32,10,0.3,4,1,0.0,39,0.16366047036316392,0.19463978139511762
32,10,0.3,4,1,0.0,40,0.2220833991225943,0.10851856754170627
32,10,0.3,4,1,0.0,41,0.2659797919118998,0.06996235837125292
32,10,0.3,4,1,0.0,42,0.2924783736545471,0.05367629887942552
32,10,0.3,4,1,0.0,43,0.2998458648602064,0.04986386690685498
32,10,0.3,4,1,0.0,44,0.2876003559109984,0.05635955097274546
32,10,0.3,4,1,0.0,45,0.25654282890160407,0.0768862448549928
32,10,0.3,4,1,0.0,46,0.2087047651810461,0.12405284289062625
32,10,0.3,4,1,0.0,47,0.1472152656011814,0.2294310670557732
32,10,0.3,4,1,0.0,48,0.07609637517285259,0.4672159298011059
32,10,0.3,4,1,0.0,49,1.4695761589768238e-16,0.9999999999999986
32,10,0.3,4,1,0.7853981633974483,0,0.21213203435596426,0.11987325010376201
32,10,0.3,4,1,0.7853981633974483,1,0.2590024900269825,0.07501817208934344
32,10,0.3,4,1,0.7853981633974483,2,0.2889315218788711,0.05561428319119517
32,10,0.3,4,1,0.7853981633974483,3,0.2999614637399794,0.04980625813925943
32,10,0.3,4,1,0.7853981633974483,4,0.29137084409182923,0.054274083970535035
32,10,0.3,4,1,0.7853981633974483,5,0.26372157771876514,0.07156023208047425
32,10,0.3,4,1,0.7853981633974483,6,0.21882221070799024,0.112115901596213
32,10,0.3,4,1,0.7853981633974483,7,0.15960962295460096,0.20268621605346293
32,10,0.3,4,1,0.7853981633974483,8,0.08995692604317357,0.40674482310249227
32,10,0.3,4,1,0.7853981633974483,9,0.014420121958086347,0.865713532017893
32,10,0.3,4,1,0.7853981633974483,10,0.0620599062542671,0.537622271740456
32,10,0.3,4,1,0.7853981633974483,11,0.13448057899895893,0.26059031219312645
32,10,0.3,4,1,0.7853981633974483,12,0.1981048402341477,0.1379245610519262
32,10,0.3,4,1,0.7853981633974483,13,0.24877100960435852,0.08310003997752072
32,10,0.3,4,1,0.7853981633974483,14,0.28316499909251025,0.05891556328262907
32,10,0.3,4,1,0.7853981633974483,15,0.2990370884249147,0.050268789363600894
32,10,0.3,4,1,0.7853981633974483,16,0.29534907989062575,0.05215731708678408
32,10,0.3,4,1,0.7853981633974483,17,0.27234220713809765,0.06564971159049064
32,10,0.3,4,1,0.7853981633974483,18,0.2315213560161607,0.09874509373201565
32,10,0.3,4,1,0.7853981633974483,19,0.17555662957842708,0.17280935336899478
32,10,0.3,4,1,0.7853981633974483,20,0.10810869591115628,0.33922659973410674
32,10,0.3,4,1,0.7853981633974483,21,0.03358934283099243,0.7146992684665305
32,10,0.3,4,1,0.7853981633974483,22,0.04312709836460412,0.6496828334958044
32,10,0.3,4,1,0.7853981633974483,23,0.11702258424271393,0.31029685515667205
32,10,0.3,4,1,0.7853981633974483,24,0.1832635908304541,0.15999128910813554
32,10,0.3,4,1,0.7853981633974483,25,0.23751727574205597,0.09299842165536744
32,10,0.3,4,1,0.7853981633974483,26,0.27623489058617634,0.06314327641900784
32,10,0.3,4,1,0.7853981633974483,27,0.2968839055702577,0.051362905203957886
32,10,0.3,4,1,0.7853981633974483,28,0.29811366296797276,0.050735134020300124
32,10,0.3,4,1,0.7853981633974483,29,0.2798437240110795,0.0609051684463742
32,10,0.3,4,1,0.7853981633974483,30,0.24326913041128556,0.0878002172375056
32,10,0.3,4,1,0.7853981633974483,31,0.1907822363545371,0.1484032032045673
32,10,0.3,4,1,0.7853981633974483,32,0.12581622395839703,0.28417579393644
32,10,0.3,4,1,0.7853981633974483,33,0.05262053788931479,0.5908427455905773
32,10,0.3,4,1,0.7853981633974483,34,0.024017071977027404,0.7864935796013974
32,10,0.3,4,1,0.7853981633974483,35,0.09908371858654925,0.3712657424474129
32,10,0.3,4,1,0.7853981633974483,36,0.1676692720221213,0.18699138733482806
32,10,0.3,4,1,0.7853981633974483,37,0.22528753244643313,0.10509660286923166
32,10,0.3,4,1,0.7853981633974483,38,0.26816967366222594,0.06844691917764346
32,10,0.3,4,1,0.7853981633974483,39,0.2935107630662144,0.05312500111963132
32,10,0.3,4,1,0.7853981633974483,40,0.2996532330590043,0.04996001314621219
32,10,0.3,4,1,0.7853981633974483,41,0.28619530299580936,0.05715702181079798
32,10,0.3,4,1,0.7853981633974483,42,0.25401725976848516,0.0788527888073044
32,10,0.3,4,1,0.7853981633974483,43,0.20522387799880396,0.12844701683967885
32,10,0.3,4,1,0.7853981633974483,44,0.14300674615389802,0.23929277864011048
32,10,0.3,4,1,0.7853981633974483,45,0.07143550387038022,0.4895077235425854
32,10,0.3,4,1,0.7853981633974483,46,0.004808354289052091,0.9530541628519443
32,10,0.3,4,1,0.7853981633974483,47,0.08073769667732274,0.44602647543001067
32,10,0.3,4,1,0.7853981633974483,48,0.1513859642101031,0.2200589878230088
32,10,0.3,4,1,0.7853981633974483,49,0.21213203435596437,0.1198732501037619
32,10,0.3,4,1,1.5707963267948966,0,0.3,0.04978706836786392
32,10,0.3,4,1,1.5707963267948966,1,0.2901884589117089,0.05491962154567706
32,10,0.3,4,1,1.5707963267948966,2,0.2613956112370168,0.07324420752489973
32,10,0.3,4,1,1.5707963267948966,3,0.21550480502931826,0.11589762156438727
32,10,0.3,4,1,1.5707963267948966,4,0.15551777049315751,0.2111518565805613
32,10,0.3,4,1,1.5707963267948966,5,0.08535827598930983,0.4258863467847364
32,10,0.3,4,1,1.5707963267948966,6,0.009615473271496552,0.90832345783981
32,10,0.3,4,1,1.5707963267948966,7,0.06675628018689429,0.512957233969149
32,10,0.3,4,1,1.5707963267948966,8,0.1387614870722505,0.2496700904716363
32,10,0.3,4,1,1.5707963267948966,9,0.20169026707839494,0.13306697969691886
32,10,0.3,4,1,1.5707963267948966,10,0.2514264314675521,0.08092242375271008
32,10,0.3,4,1,1.5707963267948966,11,0.28471672410320054,0.0580084121994003
32,10,0.3,4,1,1.5707963267948966,12,0.29938361782510087,0.05009489470141762
32,10,0.3,4,1,1.5707963267948966,13,0.29446774709731965,0.05261902824369233
32,10,0.3,4,1,1.5707963267948966,14,0.2702906603707257,0.06701045656010488
32,10,0.3,4,1,1.5707963267948966,15,0.2284337875107406,0.10184147156050079
32,10,0.3,4,1,1.5707963267948966,16,0.17163499803665097,0.17972093713686776
32,10,0.3,4,1,1.5707963267948966,17,0.10360951632639247,0.35483756299060637
32,10,0.3,4,1,1.5707963267948966,18,0.02880690777230475,0.7497098022042104
32,10,0.3,4,1,1.5707963267948966,19,0.04787996851001377,0.619526572667415
32,10,0.3,4,1,1.5707963267948966,20,0.12143500293671788,0.29690292977770816
32,10,0.3,4,1,1.5707963267948966,21,0.18704694055761997,0.1540513322861213
32,10,0.3,4,1,1.5707963267948966,22,0.2404240865603868,0.09033404526819536
32,10,0.3,4,1,1.5707963267948966,23,0.27807502720380645,0.061991979076613885
32,10,0.3,4,1,1.5707963267948966,24,0.29753700414697376,0.05102854783119827
32,10,0.3,4,1,1.5707963267948966,25,0.2975370041469738,0.05102854783119824
32,10,0.3,4,1,1.5707963267948966,26,0.2780750272038065,0.061991979076613885
32,10,0.3,4,1,1.5707963267948966,27,0.24042408656038722,0.090334045268195
32,10,0.3,4,1,1.5707963267948966,28,0.1870469405576201,0.15405133228612103
32,10,0.3,4,1,1.5707963267948966,29,0.12143500293671805,0.29690292977770766
32,10,0.3,4,1,1.5707963267948966,30,0.04787996851001395,0.6195265726674141
32,10,0.3,4,1,1.5707963267948966,31,0.02880690777230404,0.7497098022042159
32,10,0.3,4,1,1.5707963267948966,32,0.10360951632639205,0.3548375629906078
32,10,0.3,4,1,1.5707963267948966,33,0.17163499803665083,0.17972093713686801
32,10,0.3,4,1,1.5707963267948966,34,0.22843378751074014,0.10184147156050125
32,10,0.3,4,1,1.5707963267948966,35,0.2702906603707254,0.06701045656010508
32,10,0.3,4,1,1.5707963267948966,36,0.29446774709731954,0.05261902824369238
32,10,0.3,4,1,1.5707963267948966,37,0.2993836178251009,0.05009489470141762
32,10,0.3,4,1,1.5707963267948966,38,0.2847167241032006,0.05800841219940022
32,10,0.3,4,1,1.5707963267948966,39,0.2514264314675526,0.08092242375270972
32,10,0.3,4,1,1.5707963267948966,40,0.20169026707839546,0.13306697969691822
32,10,0.3,4,1,1.5707963267948966,41,0.13876148707225092,0.2496700904716354
32,10,0.3,4,1,1.5707963267948966,42,0.06675628018689447,0.512957233969148
32,10,0.3,4,1,1.5707963267948966,43,0.0096154732714961,0.908323457839814
32,10,0.3,4,1,1.5707963267948966,44,0.08535827598930902,0.42588634678473997
32,10,0.3,4,1,1.5707963267948966,45,0.15551777049315704,0.21115185658056237
32,10,0.3,4,1,1.5707963267948966,46,0.21550480502931807,0.11589762156438747
32,10,0.3,4,1,1.5707963267948966,47,0.26139561123701677,0.07324420752489975
32,10,0.3,4,1,1.5707963267948966,48,0.29018845891170875,0.05491962154567711
32,10,0.3,4,1,1.5707963267948966,49,0.29999999999999993,0.049787068367863986
32,10,0.3,4,2,0.0,0,0.0,1.0
32,10,0.3,4,2,0.0,1,0.0193021943814916,0.8244638820577715
32,10,0.3,4,2,0.0,2,0.07224111475342121,0.48558003822110046
32,10,0.3,4,2,0.0,3,0.1451922633642517,0.23411972863555167
32,10,0.3,4,2,0.0,4,0.21938074353612524,0.11149144300672648
32,10,0.3,4,2,0.0,5,0.2757132157337761,0.0634735397143521
32,10,0.3,4,2,0.0,6,0.2996918089125506,0.04994074436149723
32,10,0.3,4,2,0.0,7,0.28514533018536303,0.057760316672605824
32,10,0.3,4,2,0.0,8,0.23581749901832547,0.09459269836710343
32,10,0.3,4,2,0.0,9,0.16440345388615238,0.1931989989063058
32,10,0.3,4,2,0.0,10,0.08928249853164101,0.4094972933665257
32,10,0.3,4,2,0.0,11,0.029787956719806618,0.742390742561407
32,10,0.3,4,2,0.0,12,0.0012314979265130954,0.9877605397690253
32,10,0.3,4,2,0.0,13,0.01096248639809669,0.8961702579896801
32,10,0.3,4,2,0.0,14,0.05647652972118994,0.5684935581240272
32,10,0.3,4,2,0.0,15,0.1260600157449929,0.2834838404968712
32,10,0.3,4,2,0.0,16,0.20180475816319607,0.13291471704856317
32,10,0.3,4,2,0.0,17,0.26421689375537005,0.07120665914973508
32,10,0.3,4,2,0.0,18,0.2972338735486596,0.05118346565658959
32,10,0.3,4,2,0.0,19,0.29235836205160026,0.05374075533599031
32,10,0.3,4,2,0.0,20,0.25084513353919763,0.08139419399241965
32,10,0.3,4,2,0.0,21,0.18337814009344724,0.15980812519209514
32,10,0.3,4,2,0.0,22,0.10732086200534545,0.3419096972022205
32,10,0.3,4,2,0.0,23,0.04224759748534097,0.6554220007473311
32,10,0.3,4,2,0.0,24,0.004905770544145635,0.9521261852513812
32,10,0.3,4,2,0.0,25,0.004905770544145597,0.9521261852513815
32,10,0.3,4,2,0.0,26,0.04224759748534069,0.6554220007473331
32,10,0.3,4,2,0.0,27,0.10732086200534482,0.3419096972022226
32,10,0.3,4,2,0.0,28,0.18337814009344713,0.15980812519209533
32,10,0.3,4,2,0.0,29,0.25084513353919735,0.08139419399241994
32,10,0.3,4,2,0.0,30,0.2923583620516001,0.05374075533599043
32,10,0.3,4,2,0.0,31,0.2972338735486598,0.05118346565658946
32,10,0.3,4,2,0.0,32,0.26421689375537033,0.07120665914973485
32,10,0.3,4,2,0.0,33,0.2018047581631962,0.13291471704856295
32,10,0.3,4,2,0.0,34,0.12606001574499343,0.28348384049686964
32,10,0.3,4,2,0.0,35,0.05647652972119047,0.5684935581240241
32,10,0.3,4,2,0.0,36,0.010962486398096894,0.8961702579896782
32,10,0.3,4,2,0.0,37,0.0012314979265130603,0.9877605397690257
32,10,0.3,4,2,0.0,38,0.029787956719806528,0.7423907425614076
32,10,0.3,4,2,0.0,39,0.08928249853164018,0.4094972933665292
32,10,0.3,4,2,0.0,40,0.16440345388615177,0.19319899890630696
32,10,0.3,4,2,0.0,41,0.23581749901832505,0.09459269836710385
32,10,0.3,4,2,0.0,42,0.28514533018536287,0.05776031667260595
32,10,0.3,4,2,0.0,43,0.2996918089125506,0.04994074436149723
32,10,0.3,4,2,0.0,44,0.27571321573377655,0.06347353971435182
32,10,0.3,4,2,0.0,45,0.21938074353612572,0.11149144300672592
32,10,0.3,4,2,0.0,46,0.145192263364252,0.23411972863555094
32,10,0.3,4,2,0.0,47,0.07224111475342126,0.4855800382211002
32,10,0.3,4,2,0.0,48,0.019302194381491784,0.8244638820577698
32,10,0.3,4,2,0.0,49,7.198846956776917e-32,1.0
32,10,0.3,4,2,0.7853981633974483,0,0.15000000000000002,0.22313016014842973
32,10,0.3,4,2,0.7853981633974483,1,0.2236076328005906,0.10687703317934019
32,10,0.3,4,2,0.7853981633974483,2,0.27827141445080195,0.06187035420250844
32,10,0.3,4,2,0.7853981633974483,3,0.29992293243010326,0.04982545284066823
32,10,0.3,4,2,0.7853981633974483,4,0.28298989595595014,0.059018816655424015
32,10,0.3,4,2,0.7853981633974483,5,0.2318302351815823,0.0984405612713822
32,10,0.3,4,2,0.7853981633974483,6,0.15961053299710695,0.20268437153113597
32,10,0.3,4,2,0.7853981633974483,7,0.08491743913236628,0.42776795513438953
32,10,0.3,4,2,0.7853981633974483,8,0.02697416181045666,0.7635767632617969
32,10,0.3,4,2,0.7853981633974483,9,0.0006931330576202803,0.9930926356908998
32,10,0.3,4,2,0.7853981633974483,10,0.012838106547628068,0.8795181612716986
32,10,0.3,4,2,0.7853981633974483,11,0.06028342042631745,0.5472583939578002
32,10,0.3,4,2,0.7853981633974483,12,0.13081842574732397,0.2703104251926611
32,10,0.3,4,2,0.7853981633974483,13,0.20629005073190612,0.12708482433579527
32,10,0.3,4,2,0.7853981633974483,14,0.2672747223702044,0.06906223504692474
32,10,0.3,4,2,0.7853981633974483,15,0.2980772675121675,0.050753602664249886
32,10,0.3,4,2,0.7853981633974483,16,0.2907702633074641,0.05460102447796357
32,10,0.3,4,2,0.7853981633974483,17,0.2472342592961683,0.08438694301501054
32,10,0.3,4,2,0.7853981633974483,18,0.1786737943052061,0.1675056925281087
32,10,0.3,4,2,0.7853981633974483,19,0.10273376729645686,0.3579586962057084
32,10,0.3,4,2,0.7853981633974483,20,0.03895830043870287,0.6773392631178783
32,10,0.3,4,2,0.7853981633974483,21,0.003760813172726475,0.9630902714756002
32,10,0.3,4,2,0.7853981633974483,22,0.006199822044500799,0.9398845593658602
32,10,0.3,4,2,0.7853981633974483,23,0.04564761740947693,0.6335121032130474
32,10,0.3,4,2,0.7853981633974483,24,0.11195181241357367,0.32643705886894414
32,10,0.3,4,2,0.7853981633974483,25,0.1880481875864262,0.1525165939809921
32,10,0.3,4,2,0.7853981633974483,26,0.25435238259052273,0.07858897740919867
32,10,0.3,4,2,0.7853981633974483,27,0.29380017795549895,0.052971471732076746
32,10,0.3,4,2,0.7853981633974483,28,0.29623918682727346,0.05169512125959142
32,10,0.3,4,2,0.7853981633974483,29,0.2610416995612974,0.07350388657330689
32,10,0.3,4,2,0.7853981633974483,30,0.19726623270354357,0.13908607025222974
32,10,0.3,4,2,0.7853981633974483,31,0.12132620569479484,0.29722612775986007
32,10,0.3,4,2,0.7853981633974483,32,0.05276574070383174,0.5899854478554568
32,10,0.3,4,2,0.7853981633974483,33,0.009229736692536043,0.911833959964569
32,10,0.3,4,2,0.7853981633974483,34,0.0019227324878323833,0.9809563411137562
32,10,0.3,4,2,0.7853981633974483,35,0.032725277629794956,0.7209014931827241
32,10,0.3,4,2,0.7853981633974483,36,0.09370994926809369,0.39176249900863086
32,10,0.3,4,2,0.7853981633974483,37,0.16918157425267552,0.18418478803538177
32,10,0.3,4,2,0.7853981633974483,38,0.23971657957368256,0.09097543119951322
32,10,0.3,4,2,0.7853981633974483,39,0.2871618934523715,0.05660720899256576
32,10,0.3,4,2,0.7853981633974483,40,0.29930686694237985,0.050133357733769486
32,10,0.3,4,2,0.7853981633974483,41,0.2730258381895438,0.06520244036131562
32,10,0.3,4,2,0.7853981633974483,42,0.21508256086763358,0.11638802713079029
32,10,0.3,4,2,0.7853981633974483,43,0.14038946700289323,0.24563841795871103
32,10,0.3,4,2,0.7853981633974483,44,0.06816976481841809,0.505757664572941
32,10,0.3,4,2,0.7853981633974483,45,0.017010104044050362,0.8435795766380912
32,10,0.3,4,2,0.7853981633974483,46,7.70675698968188e-05,0.9992296211952739
32,10,0.3,4,2,0.7853981633974483,47,0.021728585549197908,0.8046999085362508
32,10,0.3,4,2,0.7853981633974483,48,0.07639236719940871,0.46583505255353924
32,10,0.3,4,2,0.7853981633974483,49,0.15000000000000016,0.22313016014842948
32,10,0.3,4,2,1.5707963267948966,0,0.3,0.04978706836786394
32,10,0.3,4,2,1.5707963267948966,1,0.28069780561850854,0.0603872036742238
32,10,0.3,4,2,1.5707963267948966,2,0.22775888524657883,0.10253112658884521
32,10,0.3,4,2,1.5707963267948966,3,0.1548077366357483,0.21265644146276214
32,10,0.3,4,2,1.5707963267948966,4,0.0806192564638747,0.44655506310793947
32,10,0.3,4,2,1.5707963267948966,5,0.02428678426622396,0.784375167856071
32,10,0.3,4,2,1.5707963267948966,6,0.00030819108744954866,0.9969228333378257
32,10,0.3,4,2,1.5707963267948966,7,0.014854669814637117,0.8619597543078663
32,10,0.3,4,2,1.5707963267948966,8,0.06418250098167448,0.52633098777504
32,10,0.3,4,2,1.5707963267948966,9,0.1355965461138476,0.25769837654287625
32,10,0.3,4,2,1.5707963267948966,10,0.2107175014683589,0.12158094613656317
32,10,0.3,4,2,1.5707963267948966,11,0.27021204328019344,0.06706315894523127
32,10,0.3,4,2,1.5707963267948966,12,0.2987685020734869,0.05040398594937397
32,10,0.3,4,2,1.5707963267948966,13,0.2890375136019034,0.05555536788237981
32,10,0.3,4,2,1.5707963267948966,14,0.24352347027880997,0.08757719002508384
32,10,0.3,4,2,1.5707963267948966,15,0.17393998425500728,0.1756257721096217
32,10,0.3,4,2,1.5707963267948966,16,0.09819524183680393,0.37457904943418113
32,10,0.3,4,2,1.5707963267948966,17,0.03578310624462996,0.6991911846779737
32,10,0.3,4,2,1.5707963267948966,18,0.00276612645134024,0.9727178050408983
32,10,0.3,4,2,1.5707963267948966,19,0.0076416379483997005,0.9264303796363169
32,10,0.3,4,2,1.5707963267948966,20,0.04915486646080227,0.6116783756406596
32,10,0.3,4,2,1.5707963267948966,21,0.11662185990655273,0.3115427848741614
32,10,0.3,4,2,1.5707963267948966,22,0.19267913799465458,0.1456146718717301
32,10,0.3,4,2,1.5707963267948966,23,0.257752402514659,0.07596185100758795
32,10,0.3,4,2,1.5707963267948966,24,0.29509422945585423,0.05229040975773519
32,10,0.3,4,2,1.5707963267948966,25,0.2950942294558544,0.05229040975773509
32,10,0.3,4,2,1.5707963267948966,26,0.25775240251465914,0.07596185100758783
32,10,0.3,4,2,1.5707963267948966,27,0.19267913799465522,0.14561467187172913
32,10,0.3,4,2,1.5707963267948966,28,0.1166218599065529,0.3115427848741609
32,10,0.3,4,2,1.5707963267948966,29,0.04915486646080241,0.6116783756406587
32,10,0.3,4,2,1.5707963267948966,30,0.0076416379483997595,0.9264303796363162
32,10,0.3,4,2,1.5707963267948966,31,0.002766126451340103,0.9727178050408998
32,10,0.3,4,2,1.5707963267948966,32,0.035783106244629666,0.6991911846779757
32,10,0.3,4,2,1.5707963267948966,33,0.09819524183680377,0.3745790494341818
32,10,0.3,4,2,1.5707963267948966,34,0.17393998425500662,0.17562577210962294
32,10,0.3,4,2,1.5707963267948966,35,0.24352347027880944,0.0875771900250843
32,10,0.3,4,2,1.5707963267948966,36,0.2890375136019031,0.055555367882379955
32,10,0.3,4,2,1.5707963267948966,37,0.298768502073487,0.050403985949373876
32,10,0.3,4,2,1.5707963267948966,38,0.2702120432801935,0.06706315894523122
32,10,0.3,4,2,1.5707963267948966,39,0.21071750146835982,0.12158094613656209
32,10,0.3,4,2,1.5707963267948966,40,0.1355965461138483,0.2576983765428745
32,10,0.3,4,2,1.5707963267948966,41,0.06418250098167486,0.526330987775038
32,10,0.3,4,2,1.5707963267948966,42,0.0148546698146372,0.8619597543078655
32,10,0.3,4,2,1.5707963267948966,43,0.0003081910874495197,0.996922833337826
32,10,0.3,4,2,1.5707963267948966,44,0.024286784266223493,0.7843751678560744
32,10,0.3,4,2,1.5707963267948966,45,0.08061925646387423,0.4465550631079415
32,10,0.3,4,2,1.5707963267948966,46,0.15480773663574798,0.2126564414627628
32,10,0.3,4,2,1.5707963267948966,47,0.22775888524657864,0.10253112658884539
32,10,0.3,4,2,1.5707963267948966,48,0.28069780561850827,0.06038720367422396
32,10,0.3,4,2,1.5707963267948966,49,0.2999999999999999,0.04978706836786401
