artifact_id	artifact_key	title	origin	url	http_code	is_pdf	status	note
ASOT-0021	doi:10.1073/pnas.0402717101	**Mazur, P. O., & Mottola, E.** (2004). *Gravitational vacuum condensate stars*. PNAS 101, 9545-9550. DOI: 10.1073/pnas.0402717101.	existing	https://doi.org/10.1073/pnas.0402717101	403	0	http_403	
ASOT-0021	doi:10.1073/pnas.0402717101	**Mazur, P. O., & Mottola, E.** (2004). *Gravitational vacuum condensate stars*. PNAS 101, 9545-9550. DOI: 10.1073/pnas.0402717101.	openalex_best_pdf	https://www.pnas.org/doi/pdf/10.1073/pnas.0402717101	403	0	http_403	
ASOT-0021	doi:10.1073/pnas.0402717101	**Mazur, P. O., & Mottola, E.** (2004). *Gravitational vacuum condensate stars*. PNAS 101, 9545-9550. DOI: 10.1073/pnas.0402717101.	openalex_location_landing	https://pubmed.ncbi.nlm.nih.gov/15210982	200	0	ok_nonpdf	
ASOT-0021	doi:10.1073/pnas.0402717101	**Mazur, P. O., & Mottola, E.** (2004). *Gravitational vacuum condensate stars*. PNAS 101, 9545-9550. DOI: 10.1073/pnas.0402717101.	openalex_location_pdf	https://arxiv.org/pdf/gr-qc/0407075	200	1	pdf_ok	
ASOT-0021	doi:10.1073/pnas.0402717101	**Mazur, P. O., & Mottola, E.** (2004). *Gravitational vacuum condensate stars*. PNAS 101, 9545-9550. DOI: 10.1073/pnas.0402717101.	openalex_location_landing	http://arxiv.org/abs/gr-qc/0407075	200	0	ok_nonpdf	
ASOT-0021	doi:10.1073/pnas.0402717101	**Mazur, P. O., & Mottola, E.** (2004). *Gravitational vacuum condensate stars*. PNAS 101, 9545-9550. DOI: 10.1073/pnas.0402717101.	openalex_location_landing	http://europepmc.org/pmc/articles/PMC470711	404	0	http_404	
ASOT-0021	doi:10.1073/pnas.0402717101	**Mazur, P. O., & Mottola, E.** (2004). *Gravitational vacuum condensate stars*. PNAS 101, 9545-9550. DOI: 10.1073/pnas.0402717101.	openalex_location_landing	http://doi.org/10.1073/pnas.0402717101	403	0	http_403	
ASOT-0021	doi:10.1073/pnas.0402717101	**Mazur, P. O., & Mottola, E.** (2004). *Gravitational vacuum condensate stars*. PNAS 101, 9545-9550. DOI: 10.1073/pnas.0402717101.	crossref_resource_primary	https://pnas.org/doi/full/10.1073/pnas.0402717101	403	0	http_403	
ASOT-0021	doi:10.1073/pnas.0402717101	**Mazur, P. O., & Mottola, E.** (2004). *Gravitational vacuum condensate stars*. PNAS 101, 9545-9550. DOI: 10.1073/pnas.0402717101.	crossref_link	https://pnas.org/doi/pdf/10.1073/pnas.0402717101	403	0	http_403	
ASOT-0022	doi:10.1080/00927870701724094	**Biss, D. K., Dugger, D., & Isaksen, D. C.** (2008). *Large annihilators in Cayley-Dickson algebras*. *Communications in Algebra* 36(2), 632-664. (Cited by Reggiani 2024; annihilator structure.)	existing	https://doi.org/10.1080/00927870701724094	403	0	http_403	
ASOT-0022	doi:10.1080/00927870701724094	**Biss, D. K., Dugger, D., & Isaksen, D. C.** (2008). *Large annihilators in Cayley-Dickson algebras*. *Communications in Algebra* 36(2), 632-664. (Cited by Reggiani 2024; annihilator structure.)	crossref_resource_primary	http://www.tandfonline.com/doi/abs/10.1080/00927870701724094	403	0	http_403	
ASOT-0022	doi:10.1080/00927870701724094	**Biss, D. K., Dugger, D., & Isaksen, D. C.** (2008). *Large annihilators in Cayley-Dickson algebras*. *Communications in Algebra* 36(2), 632-664. (Cited by Reggiani 2024; annihilator structure.)	crossref_link	http://www.tandfonline.com/doi/pdf/10.1080/00927870701724094	403	0	http_403	
ASOT-0023	doi:10.1080/03605300600987306	**Caffarelli, L., & Silvestre, L.** (2007). *An extension problem related to the fractional Laplacian*. Communications in Partial Differential Equations, 32(7-9), 1245-1260. DOI: 10.1080/03605300600987306.	existing	https://doi.org/10.1080/03605300600987306	403	0	http_403	
ASOT-0023	doi:10.1080/03605300600987306	**Caffarelli, L., & Silvestre, L.** (2007). *An extension problem related to the fractional Laplacian*. Communications in Partial Differential Equations, 32(7-9), 1245-1260. DOI: 10.1080/03605300600987306.	openalex_best_pdf	https://arxiv.org/pdf/math/0608640	200	1	pdf_ok	
ASOT-0023	doi:10.1080/03605300600987306	**Caffarelli, L., & Silvestre, L.** (2007). *An extension problem related to the fractional Laplacian*. Communications in Partial Differential Equations, 32(7-9), 1245-1260. DOI: 10.1080/03605300600987306.	openalex_best_landing	http://arxiv.org/abs/math/0608640	200	0	ok_nonpdf	
ASOT-0023	doi:10.1080/03605300600987306	**Caffarelli, L., & Silvestre, L.** (2007). *An extension problem related to the fractional Laplacian*. Communications in Partial Differential Equations, 32(7-9), 1245-1260. DOI: 10.1080/03605300600987306.	crossref_resource_primary	http://www.tandfonline.com/doi/abs/10.1080/03605300600987306	403	0	http_403	
ASOT-0023	doi:10.1080/03605300600987306	**Caffarelli, L., & Silvestre, L.** (2007). *An extension problem related to the fractional Laplacian*. Communications in Partial Differential Equations, 32(7-9), 1245-1260. DOI: 10.1080/03605300600987306.	crossref_link	http://www.tandfonline.com/doi/pdf/10.1080/03605300600987306	403	0	http_403	
ASOT-0024	doi:10.1080/03605301003735680	**Stinga, P. R., & Torrea, J. L.** (2010). *Extension problem and Harnack's inequality for some fractional operators*. Communications in Partial Differential Equations, 35(11), 2092-2122. DOI: 10.1080/03605301003735680.	existing	https://doi.org/10.1080/03605301003735680	403	0	http_403	
ASOT-0024	doi:10.1080/03605301003735680	**Stinga, P. R., & Torrea, J. L.** (2010). *Extension problem and Harnack's inequality for some fractional operators*. Communications in Partial Differential Equations, 35(11), 2092-2122. DOI: 10.1080/03605301003735680.	openalex_location_landing	http://citeseerx.ist.psu.edu/viewdoc/summary?doi=10.1.1.766.4327	301	0	http_301	
ASOT-0024	doi:10.1080/03605301003735680	**Stinga, P. R., & Torrea, J. L.** (2010). *Extension problem and Harnack's inequality for some fractional operators*. Communications in Partial Differential Equations, 35(11), 2092-2122. DOI: 10.1080/03605301003735680.	crossref_resource_primary	http://www.tandfonline.com/doi/abs/10.1080/03605301003735680	403	0	http_403	
ASOT-0024	doi:10.1080/03605301003735680	**Stinga, P. R., & Torrea, J. L.** (2010). *Extension problem and Harnack's inequality for some fractional operators*. Communications in Partial Differential Equations, 35(11), 2092-2122. DOI: 10.1080/03605301003735680.	crossref_link	http://www.tandfonline.com/doi/pdf/10.1080/03605301003735680	403	0	http_403	
ASOT-0025	doi:10.1080/14786444808646059	On a new imaginary in algebra	existing	https://doi.org/10.1080/14786444808646059	403	0	http_403	
ASOT-0025	doi:10.1080/14786444808646059	On a new imaginary in algebra	crossref_resource_primary	https://www.tandfonline.com/doi/full/10.1080/14786444808646059	403	0	http_403	
ASOT-0025	doi:10.1080/14786444808646059	On a new imaginary in algebra	crossref_link	https://www.tandfonline.com/doi/pdf/10.1080/14786444808646059	403	0	http_403	
ASOT-0026	doi:10.1080/14786444908646169	On systems of algebra involving more than one imaginary	existing	https://doi.org/10.1080/14786444908646169	403	0	http_403	
ASOT-0026	doi:10.1080/14786444908646169	On systems of algebra involving more than one imaginary	crossref_resource_primary	https://www.tandfonline.com/doi/full/10.1080/14786444908646169	403	0	http_403	
ASOT-0026	doi:10.1080/14786444908646169	On systems of algebra involving more than one imaginary	crossref_link	https://www.tandfonline.com/doi/pdf/10.1080/14786444908646169	403	0	http_403	
ASOT-0030	doi:10.1098/rspa.1984.0023	**Berry, M. V.** (1984). *Quantal Phase Factors Accompanying Adiabatic Changes*. Proc. R. Soc. Lond. A 392, 45-57. DOI: 10.1098/rspa.1984.0023.	existing	https://doi.org/10.1098/rspa.1984.0023	403	0	http_403	
ASOT-0030	doi:10.1098/rspa.1984.0023	**Berry, M. V.** (1984). *Quantal Phase Factors Accompanying Adiabatic Changes*. Proc. R. Soc. Lond. A 392, 45-57. DOI: 10.1098/rspa.1984.0023.	crossref_resource_primary	https://royalsocietypublishing.org/rspa/article/392/1802/45/15579/Quantal-phase-factors-accompanying-adiabatic	403	0	http_403	
ASOT-0030	doi:10.1098/rspa.1984.0023	**Berry, M. V.** (1984). *Quantal Phase Factors Accompanying Adiabatic Changes*. Proc. R. Soc. Lond. A 392, 45-57. DOI: 10.1098/rspa.1984.0023.	crossref_link	https://royalsocietypublishing.org/doi/pdf/10.1098/rspa.1984.0023	403	0	http_403	
ASOT-0030	doi:10.1098/rspa.1984.0023	**Berry, M. V.** (1984). *Quantal Phase Factors Accompanying Adiabatic Changes*. Proc. R. Soc. Lond. A 392, 45-57. DOI: 10.1098/rspa.1984.0023.	crossref_link	https://royalsocietypublishing.org/rspa/article-pdf/392/1802/45/65511/rspa.1984.0023.pdf	403	0	http_403	
ASOT-0031	doi:10.1103/physrev.124.925	**Brans, C., & Dicke, R. H.** (1961). *Mach's principle and a relativistic theory of gravitation*. Physical Review 124(3), 925-935. DOI: 10.1103/PhysRev.124.925.	existing	https://doi.org/10.1103/PhysRev.124.925	403	0	http_403	
ASOT-0031	doi:10.1103/physrev.124.925	**Brans, C., & Dicke, R. H.** (1961). *Mach's principle and a relativistic theory of gravitation*. Physical Review 124(3), 925-935. DOI: 10.1103/PhysRev.124.925.	openalex_primary_landing	https://doi.org/10.1103/physrev.124.925	403	0	http_403	
ASOT-0031	doi:10.1103/physrev.124.925	**Brans, C., & Dicke, R. H.** (1961). *Mach's principle and a relativistic theory of gravitation*. Physical Review 124(3), 925-935. DOI: 10.1103/PhysRev.124.925.	crossref_resource_primary	https://link.aps.org/doi/10.1103/PhysRev.124.925	403	0	http_403	
ASOT-0031	doi:10.1103/physrev.124.925	**Brans, C., & Dicke, R. H.** (1961). *Mach's principle and a relativistic theory of gravitation*. Physical Review 124(3), 925-935. DOI: 10.1103/PhysRev.124.925.	crossref_link	http://link.aps.org/article/10.1103/PhysRev.124.925	403	0	http_403	
ASOT-0031	doi:10.1103/physrev.124.925	**Brans, C., & Dicke, R. H.** (1961). *Mach's principle and a relativistic theory of gravitation*. Physical Review 124(3), 925-935. DOI: 10.1103/PhysRev.124.925.	crossref_link	http://harvest.aps.org/v2/journals/articles/10.1103/PhysRev.124.925/fulltext	200	1	pdf_ok	
ASOT-0032	doi:10.1103/physrevb.14.2239	**Hofstadter, D. R.** (1976). *Energy levels and wave functions of Bloch electrons in rational and irrational magnetic fields*. Phys. Rev. B 14, 2239-2249. DOI: 10.1103/PhysRevB.14.2239.	existing	https://doi.org/10.1103/PhysRevB.14.2239	403	0	http_403	
ASOT-0032	doi:10.1103/physrevb.14.2239	**Hofstadter, D. R.** (1976). *Energy levels and wave functions of Bloch electrons in rational and irrational magnetic fields*. Phys. Rev. B 14, 2239-2249. DOI: 10.1103/PhysRevB.14.2239.	openalex_primary_landing	https://doi.org/10.1103/physrevb.14.2239	403	0	http_403	
ASOT-0032	doi:10.1103/physrevb.14.2239	**Hofstadter, D. R.** (1976). *Energy levels and wave functions of Bloch electrons in rational and irrational magnetic fields*. Phys. Rev. B 14, 2239-2249. DOI: 10.1103/PhysRevB.14.2239.	crossref_resource_primary	https://link.aps.org/doi/10.1103/PhysRevB.14.2239	403	0	http_403	
ASOT-0032	doi:10.1103/physrevb.14.2239	**Hofstadter, D. R.** (1976). *Energy levels and wave functions of Bloch electrons in rational and irrational magnetic fields*. Phys. Rev. B 14, 2239-2249. DOI: 10.1103/PhysRevB.14.2239.	crossref_link	http://link.aps.org/article/10.1103/PhysRevB.14.2239	403	0	http_403	
ASOT-0032	doi:10.1103/physrevb.14.2239	**Hofstadter, D. R.** (1976). *Energy levels and wave functions of Bloch electrons in rational and irrational magnetic fields*. Phys. Rev. B 14, 2239-2249. DOI: 10.1103/PhysRevB.14.2239.	crossref_link	http://harvest.aps.org/v2/journals/articles/10.1103/PhysRevB.14.2239/fulltext	200	1	pdf_ok	
ASOT-0034	doi:10.1103/physrevd.23.287	**Bekenstein, J. D.** (1981). *Universal upper bound on the entropy-to-energy ratio for bounded systems*. Phys. Rev. D 23, 287-298. DOI: 10.1103/PhysRevD.23.287.	existing	https://doi.org/10.1103/PhysRevD.23.287	403	0	http_403	
ASOT-0034	doi:10.1103/physrevd.23.287	**Bekenstein, J. D.** (1981). *Universal upper bound on the entropy-to-energy ratio for bounded systems*. Phys. Rev. D 23, 287-298. DOI: 10.1103/PhysRevD.23.287.	openalex_primary_landing	https://doi.org/10.1103/physrevd.23.287	403	0	http_403	
ASOT-0034	doi:10.1103/physrevd.23.287	**Bekenstein, J. D.** (1981). *Universal upper bound on the entropy-to-energy ratio for bounded systems*. Phys. Rev. D 23, 287-298. DOI: 10.1103/PhysRevD.23.287.	crossref_resource_primary	https://link.aps.org/doi/10.1103/PhysRevD.23.287	403	0	http_403	
ASOT-0034	doi:10.1103/physrevd.23.287	**Bekenstein, J. D.** (1981). *Universal upper bound on the entropy-to-energy ratio for bounded systems*. Phys. Rev. D 23, 287-298. DOI: 10.1103/PhysRevD.23.287.	crossref_link	http://link.aps.org/article/10.1103/PhysRevD.23.287	403	0	http_403	
ASOT-0034	doi:10.1103/physrevd.23.287	**Bekenstein, J. D.** (1981). *Universal upper bound on the entropy-to-energy ratio for bounded systems*. Phys. Rev. D 23, 287-298. DOI: 10.1103/PhysRevD.23.287.	crossref_link	http://harvest.aps.org/v2/journals/articles/10.1103/PhysRevD.23.287/fulltext	200	1	pdf_ok	
ASOT-0035	doi:10.1103/physreve.66.056108	**Laskin, N.** (2002). *Fractional Schrodinger equation*. Physical Review E, 66, 056108. DOI: 10.1103/PhysRevE.66.056108.	existing	https://doi.org/10.1103/PhysRevE.66.056108	403	0	http_403	
ASOT-0035	doi:10.1103/physreve.66.056108	**Laskin, N.** (2002). *Fractional Schrodinger equation*. Physical Review E, 66, 056108. DOI: 10.1103/PhysRevE.66.056108.	openalex_best_pdf	https://arxiv.org/pdf/quant-ph/0206098	200	1	pdf_ok	
ASOT-0035	doi:10.1103/physreve.66.056108	**Laskin, N.** (2002). *Fractional Schrodinger equation*. Physical Review E, 66, 056108. DOI: 10.1103/PhysRevE.66.056108.	openalex_best_landing	http://arxiv.org/abs/quant-ph/0206098	200	0	ok_nonpdf	
ASOT-0035	doi:10.1103/physreve.66.056108	**Laskin, N.** (2002). *Fractional Schrodinger equation*. Physical Review E, 66, 056108. DOI: 10.1103/PhysRevE.66.056108.	openalex_primary_landing	https://doi.org/10.1103/physreve.66.056108	403	0	http_403	
ASOT-0035	doi:10.1103/physreve.66.056108	**Laskin, N.** (2002). *Fractional Schrodinger equation*. Physical Review E, 66, 056108. DOI: 10.1103/PhysRevE.66.056108.	openalex_location_landing	https://pubmed.ncbi.nlm.nih.gov/12513557	200	0	ok_nonpdf	
ASOT-0035	doi:10.1103/physreve.66.056108	**Laskin, N.** (2002). *Fractional Schrodinger equation*. Physical Review E, 66, 056108. DOI: 10.1103/PhysRevE.66.056108.	crossref_resource_primary	https://link.aps.org/doi/10.1103/PhysRevE.66.056108	403	0	http_403	
ASOT-0035	doi:10.1103/physreve.66.056108	**Laskin, N.** (2002). *Fractional Schrodinger equation*. Physical Review E, 66, 056108. DOI: 10.1103/PhysRevE.66.056108.	crossref_link	http://link.aps.org/article/10.1103/PhysRevE.66.056108	403	0	http_403	
ASOT-0035	doi:10.1103/physreve.66.056108	**Laskin, N.** (2002). *Fractional Schrodinger equation*. Physical Review E, 66, 056108. DOI: 10.1103/PhysRevE.66.056108.	crossref_link	http://harvest.aps.org/v2/journals/articles/10.1103/PhysRevE.66.056108/fulltext	200	1	pdf_ok	
ASOT-0036	doi:10.1103/physrevlett.43.744	Parisi, G. & Sourlas, N.** (1979). *Random Magnetic Fields, Supersymmetry, and Negative Dimensions*. Physical Review Letters 43, 744. [APS]().	existing	https://doi.org/10.1103/PhysRevLett.43.744	403	0	http_403	
ASOT-0036	doi:10.1103/physrevlett.43.744	Parisi, G. & Sourlas, N.** (1979). *Random Magnetic Fields, Supersymmetry, and Negative Dimensions*. Physical Review Letters 43, 744. [APS]().	existing	https://doi.org/10.1103/physrevlett.43.744	403	0	http_403	
ASOT-0036	doi:10.1103/physrevlett.43.744	Parisi, G. & Sourlas, N.** (1979). *Random Magnetic Fields, Supersymmetry, and Negative Dimensions*. Physical Review Letters 43, 744. [APS]().	crossref_resource_primary	https://link.aps.org/doi/10.1103/PhysRevLett.43.744	403	0	http_403	
ASOT-0036	doi:10.1103/physrevlett.43.744	Parisi, G. & Sourlas, N.** (1979). *Random Magnetic Fields, Supersymmetry, and Negative Dimensions*. Physical Review Letters 43, 744. [APS]().	crossref_link	http://link.aps.org/article/10.1103/PhysRevLett.43.744	403	0	http_403	
ASOT-0036	doi:10.1103/physrevlett.43.744	Parisi, G. & Sourlas, N.** (1979). *Random Magnetic Fields, Supersymmetry, and Negative Dimensions*. Physical Review Letters 43, 744. [APS]().	crossref_link	http://harvest.aps.org/v2/journals/articles/10.1103/PhysRevLett.43.744/fulltext	200	1	pdf_ok	
ASOT-0037	doi:10.1103/physrevlett.49.405	**Thouless, D. J., Kohmoto, M., Nightingale, M. P., & den Nijs, M.** (TKNN) (1982). *Quantized Hall Conductance in a Two-Dimensional Periodic Potential*. Phys. Rev. Lett. 49, 405. DOI: 10.1103/PhysRevLett.49.405.	existing	https://doi.org/10.1103/PhysRevLett.49.405	403	0	http_403	
ASOT-0037	doi:10.1103/physrevlett.49.405	**Thouless, D. J., Kohmoto, M., Nightingale, M. P., & den Nijs, M.** (TKNN) (1982). *Quantized Hall Conductance in a Two-Dimensional Periodic Potential*. Phys. Rev. Lett. 49, 405. DOI: 10.1103/PhysRevLett.49.405.	openalex_best_pdf	http://link.aps.org/pdf/10.1103/PhysRevLett.49.405	403	0	http_403	
ASOT-0037	doi:10.1103/physrevlett.49.405	**Thouless, D. J., Kohmoto, M., Nightingale, M. P., & den Nijs, M.** (TKNN) (1982). *Quantized Hall Conductance in a Two-Dimensional Periodic Potential*. Phys. Rev. Lett. 49, 405. DOI: 10.1103/PhysRevLett.49.405.	openalex_best_landing	https://doi.org/10.1103/physrevlett.49.405	403	0	http_403	
ASOT-0037	doi:10.1103/physrevlett.49.405	**Thouless, D. J., Kohmoto, M., Nightingale, M. P., & den Nijs, M.** (TKNN) (1982). *Quantized Hall Conductance in a Two-Dimensional Periodic Potential*. Phys. Rev. Lett. 49, 405. DOI: 10.1103/PhysRevLett.49.405.	crossref_resource_primary	https://link.aps.org/doi/10.1103/PhysRevLett.49.405	403	0	http_403	
ASOT-0037	doi:10.1103/physrevlett.49.405	**Thouless, D. J., Kohmoto, M., Nightingale, M. P., & den Nijs, M.** (TKNN) (1982). *Quantized Hall Conductance in a Two-Dimensional Periodic Potential*. Phys. Rev. Lett. 49, 405. DOI: 10.1103/PhysRevLett.49.405.	crossref_link	http://link.aps.org/article/10.1103/PhysRevLett.49.405	403	0	http_403	
ASOT-0037	doi:10.1103/physrevlett.49.405	**Thouless, D. J., Kohmoto, M., Nightingale, M. P., & den Nijs, M.** (TKNN) (1982). *Quantized Hall Conductance in a Two-Dimensional Periodic Potential*. Phys. Rev. Lett. 49, 405. DOI: 10.1103/PhysRevLett.49.405.	crossref_link	http://harvest.aps.org/v2/journals/articles/10.1103/PhysRevLett.49.405/fulltext	200	1	pdf_ok	
ASOT-0038	doi:10.1103/physrevlett.69.2863	**White, S. R.** (1992). *Density matrix formulation for quantum renormalization groups*. Phys. Rev. Lett. 69, 2863. DOI: 10.1103/PhysRevLett.69.2863.	existing	https://doi.org/10.1103/PhysRevLett.69.2863	403	0	http_403	
ASOT-0038	doi:10.1103/physrevlett.69.2863	**White, S. R.** (1992). *Density matrix formulation for quantum renormalization groups*. Phys. Rev. Lett. 69, 2863. DOI: 10.1103/PhysRevLett.69.2863.	openalex_primary_landing	https://doi.org/10.1103/physrevlett.69.2863	403	0	http_403	
ASOT-0038	doi:10.1103/physrevlett.69.2863	**White, S. R.** (1992). *Density matrix formulation for quantum renormalization groups*. Phys. Rev. Lett. 69, 2863. DOI: 10.1103/PhysRevLett.69.2863.	openalex_location_landing	https://pubmed.ncbi.nlm.nih.gov/10046608	200	0	ok_nonpdf	
ASOT-0038	doi:10.1103/physrevlett.69.2863	**White, S. R.** (1992). *Density matrix formulation for quantum renormalization groups*. Phys. Rev. Lett. 69, 2863. DOI: 10.1103/PhysRevLett.69.2863.	crossref_resource_primary	https://link.aps.org/doi/10.1103/PhysRevLett.69.2863	403	0	http_403	
ASOT-0038	doi:10.1103/physrevlett.69.2863	**White, S. R.** (1992). *Density matrix formulation for quantum renormalization groups*. Phys. Rev. Lett. 69, 2863. DOI: 10.1103/PhysRevLett.69.2863.	crossref_link	http://link.aps.org/article/10.1103/PhysRevLett.69.2863	403	0	http_403	
ASOT-0038	doi:10.1103/physrevlett.69.2863	**White, S. R.** (1992). *Density matrix formulation for quantum renormalization groups*. Phys. Rev. Lett. 69, 2863. DOI: 10.1103/PhysRevLett.69.2863.	crossref_link	http://harvest.aps.org/v2/journals/articles/10.1103/PhysRevLett.69.2863/fulltext	200	1	pdf_ok	
ASOT-0039	doi:10.1103/physrevlett.71.3697	**Hatsugai, Y.** (1993). *Chern number and edge states in the integer quantum Hall effect*. Phys. Rev. Lett. 71, 3697. DOI: 10.1103/PhysRevLett.71.3697.	existing	https://doi.org/10.1103/PhysRevLett.71.3697	403	0	http_403	
ASOT-0039	doi:10.1103/physrevlett.71.3697	**Hatsugai, Y.** (1993). *Chern number and edge states in the integer quantum Hall effect*. Phys. Rev. Lett. 71, 3697. DOI: 10.1103/PhysRevLett.71.3697.	openalex_primary_landing	https://doi.org/10.1103/physrevlett.71.3697	403	0	http_403	
ASOT-0039	doi:10.1103/physrevlett.71.3697	**Hatsugai, Y.** (1993). *Chern number and edge states in the integer quantum Hall effect*. Phys. Rev. Lett. 71, 3697. DOI: 10.1103/PhysRevLett.71.3697.	openalex_location_landing	https://pubmed.ncbi.nlm.nih.gov/10055049	200	0	ok_nonpdf	
ASOT-0039	doi:10.1103/physrevlett.71.3697	**Hatsugai, Y.** (1993). *Chern number and edge states in the integer quantum Hall effect*. Phys. Rev. Lett. 71, 3697. DOI: 10.1103/PhysRevLett.71.3697.	crossref_resource_primary	https://link.aps.org/doi/10.1103/PhysRevLett.71.3697	403	0	http_403	
ASOT-0039	doi:10.1103/physrevlett.71.3697	**Hatsugai, Y.** (1993). *Chern number and edge states in the integer quantum Hall effect*. Phys. Rev. Lett. 71, 3697. DOI: 10.1103/PhysRevLett.71.3697.	crossref_link	http://link.aps.org/article/10.1103/PhysRevLett.71.3697	403	0	http_403	
ASOT-0039	doi:10.1103/physrevlett.71.3697	**Hatsugai, Y.** (1993). *Chern number and edge states in the integer quantum Hall effect*. Phys. Rev. Lett. 71, 3697. DOI: 10.1103/PhysRevLett.71.3697.	crossref_link	http://harvest.aps.org/v2/journals/articles/10.1103/PhysRevLett.71.3697/fulltext	200	1	pdf_ok	
ASOT-0040	doi:10.1103/physrevlett.78.5	**Lamoreaux, S. K.** (1997). *Demonstration of the Casimir Force in the 0.6 to 6 um Range*. Phys. Rev. Lett. 78, 5-8. DOI: 10.1103/PhysRevLett.78.5.	existing	https://doi.org/10.1103/PhysRevLett.78.5	403	0	http_403	
ASOT-0040	doi:10.1103/physrevlett.78.5	**Lamoreaux, S. K.** (1997). *Demonstration of the Casimir Force in the 0.6 to 6 um Range*. Phys. Rev. Lett. 78, 5-8. DOI: 10.1103/PhysRevLett.78.5.	openalex_primary_landing	https://doi.org/10.1103/physrevlett.78.5	403	0	http_403	
ASOT-0040	doi:10.1103/physrevlett.78.5	**Lamoreaux, S. K.** (1997). *Demonstration of the Casimir Force in the 0.6 to 6 um Range*. Phys. Rev. Lett. 78, 5-8. DOI: 10.1103/PhysRevLett.78.5.	crossref_resource_primary	https://link.aps.org/doi/10.1103/PhysRevLett.78.5	403	0	http_403	
ASOT-0040	doi:10.1103/physrevlett.78.5	**Lamoreaux, S. K.** (1997). *Demonstration of the Casimir Force in the 0.6 to 6 um Range*. Phys. Rev. Lett. 78, 5-8. DOI: 10.1103/PhysRevLett.78.5.	crossref_link	http://link.aps.org/article/10.1103/PhysRevLett.78.5	403	0	http_403	
ASOT-0040	doi:10.1103/physrevlett.78.5	**Lamoreaux, S. K.** (1997). *Demonstration of the Casimir Force in the 0.6 to 6 um Range*. Phys. Rev. Lett. 78, 5-8. DOI: 10.1103/PhysRevLett.78.5.	crossref_link	http://harvest.aps.org/v2/journals/articles/10.1103/PhysRevLett.78.5/fulltext	200	1	pdf_ok	
ASOT-0045	doi:10.1143/jpsj.74.1674	**Fukui, T., Hatsugai, Y., & Suzuki, H.** (2005). *Chern Numbers in Discretized Brillouin Zone: Efficient Method of Computing (Spin) Hall Conductances*. J. Phys. Soc. Jpn. 74, 1674-1677. DOI: 10.1143/JPSJ.74.1674.	existing	https://doi.org/10.1143/JPSJ.74.1674	403	0	http_403	
ASOT-0045	doi:10.1143/jpsj.74.1674	**Fukui, T., Hatsugai, Y., & Suzuki, H.** (2005). *Chern Numbers in Discretized Brillouin Zone: Efficient Method of Computing (Spin) Hall Conductances*. J. Phys. Soc. Jpn. 74, 1674-1677. DOI: 10.1143/JPSJ.74.1674.	openalex_best_pdf	https://arxiv.org/pdf/cond-mat/0503172	200	1	pdf_ok	
ASOT-0045	doi:10.1143/jpsj.74.1674	**Fukui, T., Hatsugai, Y., & Suzuki, H.** (2005). *Chern Numbers in Discretized Brillouin Zone: Efficient Method of Computing (Spin) Hall Conductances*. J. Phys. Soc. Jpn. 74, 1674-1677. DOI: 10.1143/JPSJ.74.1674.	openalex_best_landing	http://arxiv.org/abs/cond-mat/0503172	200	0	ok_nonpdf	
ASOT-0045	doi:10.1143/jpsj.74.1674	**Fukui, T., Hatsugai, Y., & Suzuki, H.** (2005). *Chern Numbers in Discretized Brillouin Zone: Efficient Method of Computing (Spin) Hall Conductances*. J. Phys. Soc. Jpn. 74, 1674-1677. DOI: 10.1143/JPSJ.74.1674.	openalex_primary_landing	https://doi.org/10.1143/jpsj.74.1674	403	0	http_403	
ASOT-0045	doi:10.1143/jpsj.74.1674	**Fukui, T., Hatsugai, Y., & Suzuki, H.** (2005). *Chern Numbers in Discretized Brillouin Zone: Efficient Method of Computing (Spin) Hall Conductances*. J. Phys. Soc. Jpn. 74, 1674-1677. DOI: 10.1143/JPSJ.74.1674.	crossref_resource_primary	https://journals.jps.jp/doi/10.1143/JPSJ.74.1674	403	0	http_403	
ASOT-0045	doi:10.1143/jpsj.74.1674	**Fukui, T., Hatsugai, Y., & Suzuki, H.** (2005). *Chern Numbers in Discretized Brillouin Zone: Efficient Method of Computing (Spin) Hall Conductances*. J. Phys. Soc. Jpn. 74, 1674-1677. DOI: 10.1143/JPSJ.74.1674.	crossref_link	https://journals.jps.jp/doi/pdf/10.1143/JPSJ.74.1674	403	0	http_403	
ASOT-0047	doi:10.1177/2156587216668109	Effects of Singing Bowl Sound Meditation on Mood, Tension, and Well-being	existing	https://doi.org/10.1177/2156587216668109	403	0	http_403	
ASOT-0047	doi:10.1177/2156587216668109	Effects of Singing Bowl Sound Meditation on Mood, Tension, and Well-being	openalex_best_pdf	https://journals.sagepub.com/doi/pdf/10.1177/2156587216668109	403	0	http_403	
ASOT-0047	doi:10.1177/2156587216668109	Effects of Singing Bowl Sound Meditation on Mood, Tension, and Well-being	openalex_location_landing	https://pubmed.ncbi.nlm.nih.gov/27694559	200	0	ok_nonpdf	
ASOT-0047	doi:10.1177/2156587216668109	Effects of Singing Bowl Sound Meditation on Mood, Tension, and Well-being	openalex_location_landing	https://doaj.org/article/bf90469a705d4041ab700d2ae0dc9501	200	0	ok_nonpdf	
ASOT-0047	doi:10.1177/2156587216668109	Effects of Singing Bowl Sound Meditation on Mood, Tension, and Well-being	openalex_location_landing	http://doi.org/10.1177/2156587216668109	403	0	http_403	
ASOT-0047	doi:10.1177/2156587216668109	Effects of Singing Bowl Sound Meditation on Mood, Tension, and Well-being	crossref_resource_primary	http://journals.sagepub.com/doi/10.1177/2156587216668109	403	0	http_403	
ASOT-0047	doi:10.1177/2156587216668109	Effects of Singing Bowl Sound Meditation on Mood, Tension, and Well-being	crossref_link	http://journals.sagepub.com/doi/pdf/10.1177/2156587216668109	403	0	http_403	
ASOT-0047	doi:10.1177/2156587216668109	Effects of Singing Bowl Sound Meditation on Mood, Tension, and Well-being	crossref_link	http://journals.sagepub.com/doi/full-xml/10.1177/2156587216668109	403	0	http_403	
ASOT-0062	doi:10.7151/dmgaa.1088	**Cawagas, R. E.** (2004). *On the structure and zero divisors of the Cayley-Dickson sedenion algebra*. Discussiones Mathematicae -- General Algebra and Applications 24(2), 251-265. DOI: 10.7151/dmgaa.1088.	existing	https://doi.org/10.7151/dmgaa.1088	302	0	http_302	
ASOT-0062	doi:10.7151/dmgaa.1088	**Cawagas, R. E.** (2004). *On the structure and zero divisors of the Cayley-Dickson sedenion algebra*. Discussiones Mathematicae -- General Algebra and Applications 24(2), 251-265. DOI: 10.7151/dmgaa.1088.	crossref_resource_primary	http://www.discuss.wmie.uz.zgora.pl/al/index.php?doi=10.7151/dmgaa.1088	000	0	http_000	
ASOT-0062	doi:10.7151/dmgaa.1088	**Cawagas, R. E.** (2004). *On the structure and zero divisors of the Cayley-Dickson sedenion algebra*. Discussiones Mathematicae -- General Algebra and Applications 24(2), 251-265. DOI: 10.7151/dmgaa.1088.	crossref_link	https://www.dmgaa.uz.zgora.pl/publish/pdf.php?doi=1088	000	0	http_000	
ASOT-8219	url:http://arxiv.org/abs.math.ra/0403113	"Suppressing 'Sleeper Cell' Structures in the Sedenions and 2N-ions"" (""BK3""),"	existing	http://arXiv.org/abs.math.RA/0403113	404	0	http_404	
ASOT-8219	url:http://arxiv.org/abs.math.ra/0403113	"Suppressing 'Sleeper Cell' Structures in the Sedenions and 2N-ions"" (""BK3""),"	force_https	https://arXiv.org/abs.math.RA/0403113	404	0	http_404	
ASOT-8229	url:http://matu1.math.auckland.ac.nz/~king/preprints/chaoq.htm	Flying Higher Than A Box-Kite	existing	http://matu1.math.auckland.ac.nz/~king/Preprints/Chaoq.htm	000	0	http_000	
ASOT-8229	url:http://matu1.math.auckland.ac.nz/~king/preprints/chaoq.htm	Flying Higher Than A Box-Kite	force_https	https://matu1.math.auckland.ac.nz/~king/Preprints/Chaoq.htm	000	0	http_000	
ASOT-8229	url:http://matu1.math.auckland.ac.nz/~king/preprints/chaoq.htm	Flying Higher Than A Box-Kite	existing	http://exo.com/~palmer/ISSS2000ab.html	404	0	http_404	
ASOT-8229	url:http://matu1.math.auckland.ac.nz/~king/preprints/chaoq.htm	Flying Higher Than A Box-Kite	force_https	https://exo.com/~palmer/ISSS2000ab.html	404	0	http_404	
ASOT-8231	url:http://www.wolframscience.com/conference/2004/presentations/materials/rdemarrais.pdf	"Buck',"""	existing	http://www.wolframscience.com/conference/2004/presentations/materials/rdemarrais.pdf	404	0	http_404	
ASOT-8231	url:http://www.wolframscience.com/conference/2004/presentations/materials/rdemarrais.pdf	"Buck',"""	force_https	https://www.wolframscience.com/conference/2004/presentations/materials/rdemarrais.pdf	404	0	http_404	
ASOT-8232	url:https://academic.oup.com/ptep/article-pdf/2014/1/013a03/4432616/ptt110.pdf	https://academic.oup.com/ptep/article-pdf/2014/1/013A03/4432616/ptt110.pdf	existing	https://academic.oup.com/ptep/article-pdf/2014/1/013A03/4432616/ptt110.pdf	403	0	http_403	
ASOT-8233	url:https://archive.org/details/elementarytreat00tailuoft	An Elementary Treatise on Quaternions	existing	https://archive.org/details/elementarytreat00tailuoft	404	0	http_404	
ASOT-8234	url:https://archive.org/details/theoryofbiquater00conwrich	The Theory of Biquaternions	existing	https://archive.org/details/theoryofbiquater00conwrich	404	0	http_404	
ASOT-8313	url:https://arxiv.org/abs/unknown	Monograph: Composition Algebras and Physical Applications	existing	https://arxiv.org/abs/unknown	404	0	http_404	
ASOT-8318	url:https://arxiv.org/pdf/1602.02317	https://arxiv.org/pdf/1602.02317	existing	https://arxiv.org/pdf/1602.02317	404	0	http_404	
ASOT-8318	url:https://arxiv.org/pdf/1602.02317	https://arxiv.org/pdf/1602.02317	arxiv_v1	https://arxiv.org/pdf/1602.02317v1	200	1	pdf_ok	
ASOT-8318	url:https://arxiv.org/pdf/1602.02317	https://arxiv.org/pdf/1602.02317	arxiv_v1_pdf	https://arxiv.org/pdf/1602.02317v1.pdf	200	1	pdf_ok	
ASOT-8318	url:https://arxiv.org/pdf/1602.02317	https://arxiv.org/pdf/1602.02317	arxiv_v2	https://arxiv.org/pdf/1602.02317v2	200	1	pdf_ok	
ASOT-8318	url:https://arxiv.org/pdf/1602.02317	https://arxiv.org/pdf/1602.02317	arxiv_v2_pdf	https://arxiv.org/pdf/1602.02317v2.pdf	200	1	pdf_ok	
ASOT-8318	url:https://arxiv.org/pdf/1602.02317	https://arxiv.org/pdf/1602.02317	export_arxiv	https://export.arxiv.org/pdf/1602.02317	404	0	http_404	
ASOT-8318	url:https://arxiv.org/pdf/1602.02317	https://arxiv.org/pdf/1602.02317	export_arxiv_pdf	https://export.arxiv.org/pdf/1602.02317.pdf	404	0	http_404	
ASOT-8318	url:https://arxiv.org/pdf/1602.02317	https://arxiv.org/pdf/1602.02317	arxiv_ftp	https://arxiv.org/ftp/arxiv/papers/1602/1602.02317.pdf	404	0	http_404	
ASOT-8318	url:https://arxiv.org/pdf/1602.02317	https://arxiv.org/pdf/1602.02317	archive_org	https://archive.org/download/arxiv-1602.02317/1602.02317.pdf	200	1	pdf_ok	
ASOT-8341	url:https://cms.math.ca/wp-content/uploads/2020/02/cmb49-4-6.pdf	**Kinyon, M. K., & Sagle, A. A.** (2006). *Subalgebras of the real sedenions*. Canadian Mathematical Bulletin 49(4), 566-581. [PDF](https://cms.math.ca/wp-content/uploads/2020/02/cmb49-4-6.pdf).	existing	https://cms.math.ca/wp-content/uploads/2020/02/cmb49-4-6.pdf	404	0	http_404	
ASOT-8349	url:https://journals.aps.org/prl/abstract/10.1103/physrevlett.43.744	**Parisi, G. & Sourlas, N.** (1979). *Random Magnetic Fields, Supersymmetry, and Negative Dimensions*. Physical Review Letters 43, 744. [APS](https://journals.aps.org/prl/abstract/10.1103/PhysRevLett.43.744).	existing	https://journals.aps.org/prl/abstract/10.1103/PhysRevLett.43.744	403	0	http_403	
ASOT-8349	url:https://journals.aps.org/prl/abstract/10.1103/physrevlett.43.744	**Parisi, G. & Sourlas, N.** (1979). *Random Magnetic Fields, Supersymmetry, and Negative Dimensions*. Physical Review Letters 43, 744. [APS](https://journals.aps.org/prl/abstract/10.1103/PhysRevLett.43.744).	doi_resolver	https://doi.org/10.1103/PhysRevLett.43.744	403	0	http_403	
ASOT-8349	url:https://journals.aps.org/prl/abstract/10.1103/physrevlett.43.744	**Parisi, G. & Sourlas, N.** (1979). *Random Magnetic Fields, Supersymmetry, and Negative Dimensions*. Physical Review Letters 43, 744. [APS](https://journals.aps.org/prl/abstract/10.1103/PhysRevLett.43.744).	openalex_primary_landing	https://doi.org/10.1103/physrevlett.43.744	403	0	http_403	
ASOT-8349	url:https://journals.aps.org/prl/abstract/10.1103/physrevlett.43.744	**Parisi, G. & Sourlas, N.** (1979). *Random Magnetic Fields, Supersymmetry, and Negative Dimensions*. Physical Review Letters 43, 744. [APS](https://journals.aps.org/prl/abstract/10.1103/PhysRevLett.43.744).	crossref_resource_primary	https://link.aps.org/doi/10.1103/PhysRevLett.43.744	403	0	http_403	
ASOT-8349	url:https://journals.aps.org/prl/abstract/10.1103/physrevlett.43.744	**Parisi, G. & Sourlas, N.** (1979). *Random Magnetic Fields, Supersymmetry, and Negative Dimensions*. Physical Review Letters 43, 744. [APS](https://journals.aps.org/prl/abstract/10.1103/PhysRevLett.43.744).	crossref_link	http://link.aps.org/article/10.1103/PhysRevLett.43.744	403	0	http_403	
ASOT-8349	url:https://journals.aps.org/prl/abstract/10.1103/physrevlett.43.744	**Parisi, G. & Sourlas, N.** (1979). *Random Magnetic Fields, Supersymmetry, and Negative Dimensions*. Physical Review Letters 43, 744. [APS](https://journals.aps.org/prl/abstract/10.1103/PhysRevLett.43.744).	crossref_link	http://harvest.aps.org/v2/journals/articles/10.1103/PhysRevLett.43.744/fulltext	200	1	pdf_ok	
ASOT-8360	url:https://msp.org/pjm/1985/117-1/pjm-v117-n1-pjm-v117-n1-p10-s.pdf	https://msp.org/pjm/1985/117-1/pjm-v117-n1-pjm-v117-n1-p10-s.pdf	existing	https://msp.org/pjm/1985/117-1/pjm-v117-n1-pjm-v117-n1-p10-s.pdf	404	0	http_404	
ASOT-8360	url:https://msp.org/pjm/1985/117-1/pjm-v117-n1-pjm-v117-n1-p10-s.pdf	https://msp.org/pjm/1985/117-1/pjm-v117-n1-pjm-v117-n1-p10-s.pdf	msp_path_fix	https://msp.org/pjm/1985/117-1/pjm-v117-n1-p10-s.pdf	200	1	pdf_ok	
ASOT-8368	url:https://ncatlab.org/nlab/show/monstrous+moonshine	**nLab contributors.** *Monstrous Moonshine*. [nLab](https://ncatlab.org/nlab/show/Monstrous+Moonshine).	existing	https://ncatlab.org/nlab/show/Monstrous+Moonshine	404	0	http_404	
ASOT-8374	url:https://www.cambridge.org/core/journals/compositio-mathematica/article/stable-homology-of-wheeled-operads/c66016da3a1bb600e57d975d3e8d83bc	**Dotsenko, V.** (2025). *Stable homology of wheeled operads*. Compositio Mathematica. [Cambridge Core](https://www.cambridge.org/core/journals/compositio-mathematica/article/stable-homology-of-wheeled-operads/C66016DA3A1BB600E57D975D3E8D83BC).	existing	https://www.cambridge.org/core/journals/compositio-mathematica/article/stable-homology-of-wheeled-operads/C66016DA3A1BB600E57D975D3E8D83BC	500	0	http_500	
ASOT-8381	url:https://www.researchgate.net/profile/john-bales/publication/238738095_a_tree_for_computing_the_cayley-dickson_twist/links/0a85e53a8b63445499000000/a-tree-for-computing-the-cayley-dickson-twist.pdf	https://www.researchgate.net/profile/John-Bales/publication/238738095_A_Tree_for_Computing_the_Cayley-Dickson_Twist/links/0a85e53a8b63445499000000/A-Tree-for-Computing-the-Cayley-Dickson-Twist.pdf	existing	https://www.researchgate.net/profile/John-Bales/publication/238738095_A_Tree_for_Computing_the_Cayley-Dickson_Twist/links/0a85e53a8b63445499000000/A-Tree-for-Computing-the-Cayley-Dickson-Twist.pdf	403	0	http_403	
