Time,mms1_fgm_b_gse_srvy_l2_clean_0,mms1_fgm_b_gse_srvy_l2_clean_1,mms1_fgm_b_gse_srvy_l2_clean_2,mms1_fgm_b_gse_srvy_l2_clean_3
2024-01-01T00:00:00.000490957Z,3.88773e+00,-3.01255e+00,-1.34090e+00,5.09784e+00
2024-01-01T00:00:00.062991889Z,3.89165e+00,-3.01248e+00,-1.33738e+00,5.09986e+00
2024-01-01T00:00:00.125492822Z,3.90334e+00,-3.01342e+00,-1.34027e+00,5.11010e+00
2024-01-01T00:00:00.187993754Z,3.89989e+00,-3.02267e+00,-1.35152e+00,5.11588e+00
2024-01-01T00:00:00.250494686Z,3.89286e+00,-3.03689e+00,-1.36664e+00,5.12297e+00
2024-01-01T00:00:00.312995619Z,3.87602e+00,-3.02975e+00,-1.37537e+00,5.10828e+00
2024-01-01T00:00:00.375496551Z,3.86398e+00,-3.04363e+00,-1.37323e+00,5.10683e+00
2024-01-01T00:00:00.437997483Z,3.88013e+00,-3.03027e+00,-1.39757e+00,5.11773e+00
2024-01-01T00:00:00.500498415Z,3.85614e+00,-3.03660e+00,-1.39095e+00,5.10151e+00
2024-01-01T00:00:00.562999348Z,3.84561e+00,-3.03485e+00,-1.37693e+00,5.08871e+00
2024-01-01T00:00:00.625500280Z,3.84439e+00,-3.00188e+00,-1.41168e+00,5.07774e+00
2024-01-01T00:00:00.688001212Z,3.85935e+00,-2.98306e+00,-1.40790e+00,5.07695e+00
2024-01-01T00:00:00.750502145Z,3.83879e+00,-3.00901e+00,-1.40553e+00,5.07602e+00
2024-01-01T00:00:00.813003077Z,3.82956e+00,-3.03164e+00,-1.38460e+00,5.07676e+00
2024-01-01T00:00:00.875504009Z,3.81777e+00,-3.03151e+00,-1.39580e+00,5.07086e+00
2024-01-01T00:00:00.938004942Z,3.82711e+00,-3.01502e+00,-1.40795e+00,5.07143e+00
2024-01-01T00:00:01.000505874Z,3.82287e+00,-3.01580e+00,-1.38835e+00,5.06329e+00
2024-01-01T00:00:01.063006806Z,3.83762e+00,-3.02219e+00,-1.39270e+00,5.07942e+00
2024-01-01T00:00:01.125507739Z,3.84876e+00,-3.00022e+00,-1.37683e+00,5.07049e+00
2024-01-01T00:00:01.188008671Z,3.83175e+00,-2.98369e+00,-1.40202e+00,5.05474e+00
2024-01-01T00:00:01.250509603Z,3.82094e+00,-2.98887e+00,-1.38124e+00,5.04388e+00
2024-01-01T00:00:01.313010535Z,3.81721e+00,-2.99832e+00,-1.36179e+00,5.04138e+00
2024-01-01T00:00:01.375511468Z,3.83468e+00,-2.97826e+00,-1.36134e+00,5.04262e+00
2024-01-01T00:00:01.438012400Z,3.83787e+00,-2.98948e+00,-1.35227e+00,5.04924e+00
2024-01-01T00:00:01.500513332Z,3.81075e+00,-3.00492e+00,-1.32893e+00,5.03164e+00
2024-01-01T00:00:01.563014265Z,3.80915e+00,-3.02015e+00,-1.31370e+00,5.03555e+00
2024-01-01T00:00:01.625515197Z,3.79217e+00,-3.05035e+00,-1.34013e+00,5.04788e+00
2024-01-01T00:00:01.688016129Z,3.80518e+00,-3.05521e+00,-1.32957e+00,5.05782e+00
2024-01-01T00:00:01.750517062Z,3.79922e+00,-3.06205e+00,-1.31526e+00,5.05372e+00
2024-01-01T00:00:01.813017994Z,3.80783e+00,-3.04325e+00,-1.34879e+00,5.05769e+00
2024-01-01T00:00:01.875518926Z,3.82568e+00,-3.06165e+00,-1.35259e+00,5.08321e+00
2024-01-01T00:00:01.938019859Z,3.79647e+00,-3.07123e+00,-1.34750e+00,5.06570e+00
2024-01-01T00:00:02.000520791Z,3.81466e+00,-3.06627e+00,-1.37245e+00,5.08304e+00
2024-01-01T00:00:02.063021723Z,3.82961e+00,-3.05824e+00,-1.37918e+00,5.09126e+00
2024-01-01T00:00:02.125522655Z,3.81304e+00,-3.04171e+00,-1.38970e+00,5.07173e+00
2024-01-01T00:00:02.188023588Z,3.80920e+00,-3.04035e+00,-1.36760e+00,5.06202e+00
2024-01-01T00:00:02.250524520Z,3.81829e+00,-3.05770e+00,-1.38630e+00,5.08436e+00
2024-01-01T00:00:02.313025452Z,3.81268e+00,-3.05529e+00,-1.37323e+00,5.07514e+00
2024-01-01T00:00:02.375526385Z,3.81586e+00,-3.05554e+00,-1.35953e+00,5.07400e+00
2024-01-01T00:00:02.438027317Z,3.82941e+00,-3.02918e+00,-1.37632e+00,5.07292e+00
2024-01-01T00:00:02.500528249Z,3.82460e+00,-3.05785e+00,-1.34437e+00,5.07793e+00
2024-01-01T00:00:02.563029182Z,3.82704e+00,-3.06261e+00,-1.34079e+00,5.08168e+00
2024-01-01T00:00:02.625530114Z,3.81527e+00,-3.05916e+00,-1.32258e+00,5.06596e+00
2024-01-01T00:00:02.688031046Z,3.81644e+00,-3.07754e+00,-1.29594e+00,5.07109e+00
2024-01-01T00:00:02.750531978Z,3.82876e+00,-3.05660e+00,-1.29571e+00,5.06765e+00
2024-01-01T00:00:02.813032911Z,3.83372e+00,-3.08660e+00,-1.26330e+00,5.08138e+00
2024-01-01T00:00:02.875533843Z,3.82897e+00,-3.11971e+00,-1.26575e+00,5.09860e+00
2024-01-01T00:00:02.938034775Z,3.82409e+00,-3.11923e+00,-1.26203e+00,5.09372e+00
2024-01-01T00:00:03.000535708Z,3.83283e+00,-3.07504e+00,-1.30585e+00,5.08445e+00
2024-01-01T00:00:03.063036640Z,3.83353e+00,-3.07992e+00,-1.36272e+00,5.10283e+00
2024-01-01T00:00:03.125537572Z,3.83450e+00,-3.09344e+00,-1.34530e+00,5.10711e+00
2024-01-01T00:00:03.188038505Z,3.84585e+00,-3.13282e+00,-1.30936e+00,5.13026e+00
2024-01-01T00:00:03.250539437Z,3.82790e+00,-3.13711e+00,-1.31636e+00,5.12124e+00
2024-01-01T00:00:03.313040369Z,3.83429e+00,-3.13971e+00,-1.36047e+00,5.13911e+00
2024-01-01T00:00:03.375541302Z,3.83980e+00,-3.16473e+00,-1.35850e+00,5.15801e+00
2024-01-01T00:00:03.438042234Z,3.84370e+00,-3.17129e+00,-1.33023e+00,5.15758e+00
2024-01-01T00:00:03.500543166Z,3.84649e+00,-3.16952e+00,-1.32801e+00,5.15800e+00
2024-01-01T00:00:03.563044098Z,3.83404e+00,-3.19223e+00,-1.30332e+00,5.15643e+00
2024-01-01T00:00:03.625545031Z,3.83742e+00,-3.16065e+00,-1.31801e+00,5.14322e+00
2024-01-01T00:00:03.688045963Z,3.83518e+00,-3.17146e+00,-1.33990e+00,5.15384e+00
2024-01-01T00:00:03.750546895Z,3.84106e+00,-3.16884e+00,-1.33988e+00,5.15661e+00
2024-01-01T00:00:03.813047828Z,3.84582e+00,-3.17664e+00,-1.36306e+00,5.17100e+00
2024-01-01T00:00:03.875548760Z,3.83332e+00,-3.15877e+00,-1.37834e+00,5.15480e+00
2024-01-01T00:00:03.938049692Z,3.86075e+00,-3.13286e+00,-1.40510e+00,5.16667e+00
2024-01-01T00:00:04.000550625Z,3.88128e+00,-3.13282e+00,-1.44091e+00,5.19183e+00
2024-01-01T00:00:04.063051557Z,3.87456e+00,-3.11199e+00,-1.46948e+00,5.18229e+00
2024-01-01T00:00:04.125552489Z,3.89332e+00,-3.12086e+00,-1.48726e+00,5.20669e+00
2024-01-01T00:00:04.188053422Z,3.91104e+00,-3.11688e+00,-1.50086e+00,5.22147e+00
2024-01-01T00:00:04.250554354Z,3.89395e+00,-3.10130e+00,-1.51506e+00,5.20349e+00
2024-01-01T00:00:04.313055286Z,3.88147e+00,-3.08426e+00,-1.49524e+00,5.17824e+00
2024-01-01T00:00:04.375556218Z,3.92700e+00,-3.08449e+00,-1.42252e+00,5.19221e+00
2024-01-01T00:00:04.438057151Z,3.95514e+00,-3.08661e+00,-1.40950e+00,5.21124e+00
2024-01-01T00:00:04.500558083Z,3.97610e+00,-3.08776e+00,-1.40427e+00,5.22643e+00
2024-01-01T00:00:04.563059015Z,3.97044e+00,-3.07519e+00,-1.41297e+00,5.21706e+00
2024-01-01T00:00:04.625558614Z,3.95019e+00,-3.07510e+00,-1.45546e+00,5.21331e+00
2024-01-01T00:00:04.688059535Z,3.96497e+00,-3.06240e+00,-1.46595e+00,5.21999e+00
2024-01-01T00:00:04.750560457Z,3.94881e+00,-3.06451e+00,-1.46944e+00,5.20995e+00
2024-01-01T00:00:04.813061379Z,3.94398e+00,-3.06672e+00,-1.46734e+00,5.20700e+00
2024-01-01T00:00:04.875562301Z,3.94328e+00,-3.06683e+00,-1.46539e+00,5.20599e+00
2024-01-01T00:00:04.938063223Z,3.92905e+00,-3.05780e+00,-1.41053e+00,5.17467e+00
2024-01-01T00:00:05.000564145Z,3.92289e+00,-3.04241e+00,-1.40817e+00,5.16025e+00
2024-01-01T00:00:05.063065067Z,3.92431e+00,-3.02862e+00,-1.44535e+00,5.16350e+00
2024-01-01T00:00:05.125565988Z,3.92719e+00,-3.00726e+00,-1.46137e+00,5.15771e+00
2024-01-01T00:00:05.188066910Z,3.90440e+00,-3.03436e+00,-1.47208e+00,5.15933e+00
2024-01-01T00:00:05.250567832Z,3.90427e+00,-3.02477e+00,-1.46605e+00,5.15188e+00
2024-01-01T00:00:05.313068754Z,3.89920e+00,-2.99688e+00,-1.47062e+00,5.13300e+00
2024-01-01T00:00:05.375569676Z,3.91142e+00,-3.01734e+00,-1.49269e+00,5.16058e+00
2024-01-01T00:00:05.438070598Z,3.92664e+00,-3.01114e+00,-1.50544e+00,5.17221e+00
2024-01-01T00:00:05.500571520Z,3.92772e+00,-3.00913e+00,-1.50966e+00,5.17310e+00
2024-01-01T00:00:05.563072441Z,3.90883e+00,-3.01126e+00,-1.50915e+00,5.15986e+00
2024-01-01T00:00:05.625573363Z,3.90804e+00,-3.01541e+00,-1.50236e+00,5.15970e+00
2024-01-01T00:00:05.688074285Z,3.91445e+00,-2.99529e+00,-1.50552e+00,5.15377e+00
2024-01-01T00:00:05.750575207Z,3.90939e+00,-2.96652e+00,-1.53422e+00,5.14174e+00
2024-01-01T00:00:05.813076129Z,3.90800e+00,-2.97782e+00,-1.54061e+00,5.14911e+00
2024-01-01T00:00:05.875577051Z,3.91957e+00,-2.99799e+00,-1.56378e+00,5.17652e+00
2024-01-01T00:00:05.938077973Z,3.90959e+00,-3.00680e+00,-1.57082e+00,5.17622e+00
2024-01-01T00:00:06.000578895Z,3.91453e+00,-3.01210e+00,-1.58042e+00,5.18595e+00
2024-01-01T00:00:06.063079816Z,3.90507e+00,-3.02154e+00,-1.59554e+00,5.18893e+00
2024-01-01T00:00:06.125580738Z,3.90201e+00,-2.99288e+00,-1.62233e+00,5.17831e+00
2024-01-01T00:00:06.188081660Z,3.91325e+00,-2.99906e+00,-1.64428e+00,5.19726e+00
2024-01-01T00:00:06.250582582Z,3.92279e+00,-3.00527e+00,-1.65412e+00,5.21115e+00
2024-01-01T00:00:06.313083504Z,3.91333e+00,-3.01144e+00,-1.63200e+00,5.20061e+00
2024-01-01T00:00:06.375584426Z,3.88608e+00,-3.01705e+00,-1.61717e+00,5.17875e+00
2024-01-01T00:00:06.438085348Z,3.87661e+00,-3.03223e+00,-1.60528e+00,5.17681e+00
2024-01-01T00:00:06.500586269Z,3.88823e+00,-3.05250e+00,-1.58934e+00,5.19250e+00
2024-01-01T00:00:06.563087191Z,3.90189e+00,-3.05654e+00,-1.58627e+00,5.20418e+00
2024-01-01T00:00:06.625588113Z,3.92165e+00,-3.06730e+00,-1.55442e+00,5.21573e+00
2024-01-01T00:00:06.688089035Z,3.87131e+00,-3.06381e+00,-1.53542e+00,5.17025e+00
2024-01-01T00:00:06.750589957Z,3.86686e+00,-3.08533e+00,-1.50778e+00,5.17159e+00
2024-01-01T00:00:06.813090879Z,3.86605e+00,-3.07162e+00,-1.52889e+00,5.16902e+00
2024-01-01T00:00:06.875591801Z,3.86756e+00,-3.05470e+00,-1.53997e+00,5.16340e+00
2024-01-01T00:00:06.938092722Z,3.88177e+00,-3.08485e+00,-1.51634e+00,5.18495e+00
2024-01-01T00:00:07.000593644Z,3.88677e+00,-3.11140e+00,-1.46911e+00,5.19096e+00
2024-01-01T00:00:07.063094566Z,3.91428e+00,-3.11895e+00,-1.46976e+00,5.21628e+00
2024-01-01T00:00:07.125595488Z,3.90766e+00,-3.11216e+00,-1.46862e+00,5.20694e+00
2024-01-01T00:00:07.188096410Z,3.89588e+00,-3.09336e+00,-1.44587e+00,5.18047e+00
2024-01-01T00:00:07.250597332Z,3.88310e+00,-3.14373e+00,-1.39835e+00,5.18815e+00
2024-01-01T00:00:07.313098254Z,3.86741e+00,-3.16687e+00,-1.39439e+00,5.18944e+00
2024-01-01T00:00:07.375599176Z,3.88312e+00,-3.16926e+00,-1.40145e+00,5.20451e+00
2024-01-01T00:00:07.438100097Z,3.89380e+00,-3.17436e+00,-1.40734e+00,5.21717e+00
2024-01-01T00:00:07.500601019Z,3.88546e+00,-3.18364e+00,-1.41648e+00,5.21908e+00
2024-01-01T00:00:07.563101941Z,3.88739e+00,-3.16539e+00,-1.42851e+00,5.21268e+00
2024-01-01T00:00:07.625602863Z,3.89462e+00,-3.14288e+00,-1.42458e+00,5.20338e+00
2024-01-01T00:00:07.688103785Z,3.89247e+00,-3.14015e+00,-1.42567e+00,5.20042e+00
2024-01-01T00:00:07.750604707Z,3.88533e+00,-3.13544e+00,-1.45464e+00,5.20027e+00
2024-01-01T00:00:07.813105629Z,3.90319e+00,-3.14690e+00,-1.44891e+00,5.21893e+00
2024-01-01T00:00:07.875606550Z,3.88678e+00,-3.13969e+00,-1.46630e+00,5.20719e+00
2024-01-01T00:00:07.938107472Z,3.88836e+00,-3.14127e+00,-1.49277e+00,5.21683e+00
2024-01-01T00:00:08.000608394Z,3.88489e+00,-3.12896e+00,-1.50661e+00,5.21082e+00
2024-01-01T00:00:08.063109316Z,3.87181e+00,-3.12655e+00,-1.51014e+00,5.20065e+00
2024-01-01T00:00:08.125610238Z,3.85885e+00,-3.14171e+00,-1.50800e+00,5.19953e+00
2024-01-01T00:00:08.188111160Z,3.86791e+00,-3.12818e+00,-1.52238e+00,5.20229e+00
2024-01-01T00:00:08.250612082Z,3.87694e+00,-3.12078e+00,-1.50569e+00,5.19972e+00
2024-01-01T00:00:08.313113003Z,3.86364e+00,-3.11864e+00,-1.51317e+00,5.19069e+00
2024-01-01T00:00:08.375613925Z,3.84630e+00,-3.11215e+00,-1.51933e+00,5.17570e+00
2024-01-01T00:00:08.438114847Z,3.84061e+00,-3.10419e+00,-1.53608e+00,5.17164e+00
2024-01-01T00:00:08.500615769Z,3.86703e+00,-3.09841e+00,-1.53935e+00,5.18880e+00
2024-01-01T00:00:08.563116691Z,3.85863e+00,-3.09090e+00,-1.52877e+00,5.17493e+00
2024-01-01T00:00:08.625617613Z,3.85227e+00,-3.10028e+00,-1.50457e+00,5.16870e+00
2024-01-01T00:00:08.688118535Z,3.86761e+00,-3.13349e+00,-1.51316e+00,5.20258e+00
2024-01-01T00:00:08.750619457Z,3.86198e+00,-3.11600e+00,-1.49139e+00,5.18156e+00
2024-01-01T00:00:08.813120378Z,3.85524e+00,-3.12682e+00,-1.47117e+00,5.17728e+00
2024-01-01T00:00:08.875621300Z,3.85007e+00,-3.12649e+00,-1.47089e+00,5.17316e+00
2024-01-01T00:00:08.938122222Z,3.85271e+00,-3.13109e+00,-1.47412e+00,5.17881e+00
2024-01-01T00:00:09.000623144Z,3.84898e+00,-3.13214e+00,-1.47692e+00,5.17748e+00
2024-01-01T00:00:09.063124066Z,3.85428e+00,-3.13846e+00,-1.47929e+00,5.18592e+00
2024-01-01T00:00:09.125624988Z,3.84962e+00,-3.13293e+00,-1.46777e+00,5.17583e+00
2024-01-01T00:00:09.188125910Z,3.85018e+00,-3.13583e+00,-1.43959e+00,5.17008e+00
2024-01-01T00:00:09.250626831Z,3.86385e+00,-3.14004e+00,-1.42318e+00,5.17828e+00
2024-01-01T00:00:09.313127753Z,3.86529e+00,-3.14028e+00,-1.40501e+00,5.17454e+00
2024-01-01T00:00:09.375628675Z,3.86752e+00,-3.15053e+00,-1.39816e+00,5.18057e+00
2024-01-01T00:00:09.438129597Z,3.87505e+00,-3.16011e+00,-1.37042e+00,5.18462e+00
2024-01-01T00:00:09.500630519Z,3.86936e+00,-3.15989e+00,-1.37897e+00,5.18251e+00
2024-01-01T00:00:09.563131441Z,3.87317e+00,-3.16169e+00,-1.40516e+00,5.19348e+00
2024-01-01T00:00:09.625632363Z,3.88479e+00,-3.17379e+00,-1.40883e+00,5.21051e+00
2024-01-01T00:00:09.688133285Z,3.88697e+00,-3.18281e+00,-1.42600e+00,5.22229e+00
2024-01-01T00:00:09.750634206Z,3.88179e+00,-3.15671e+00,-1.43393e+00,5.20473e+00
2024-01-01T00:00:09.813135128Z,3.89819e+00,-3.13910e+00,-1.45428e+00,5.21198e+00
2024-01-01T00:00:09.875636050Z,3.88510e+00,-3.10992e+00,-1.46570e+00,5.18786e+00
2024-01-01T00:00:09.938136972Z,3.87906e+00,-3.07733e+00,-1.46836e+00,5.16461e+00
2024-01-01T00:00:10.000637894Z,3.87844e+00,-3.08456e+00,-1.47215e+00,5.16953e+00
2024-01-01T00:00:10.063138816Z,3.87068e+00,-3.08931e+00,-1.46338e+00,5.16405e+00
2024-01-01T00:00:10.125639738Z,3.86975e+00,-3.06270e+00,-1.46840e+00,5.14892e+00
2024-01-01T00:00:10.188140659Z,3.86777e+00,-3.06266e+00,-1.48295e+00,5.15157e+00
2024-01-01T00:00:10.250641581Z,3.87466e+00,-3.06559e+00,-1.49302e+00,5.16139e+00
2024-01-01T00:00:10.313142503Z,3.89905e+00,-3.05450e+00,-1.48464e+00,5.17075e+00
2024-01-01T00:00:10.375643425Z,3.91434e+00,-3.05272e+00,-1.49706e+00,5.18482e+00
2024-01-01T00:00:10.438144347Z,3.90003e+00,-3.03409e+00,-1.49837e+00,5.16343e+00
2024-01-01T00:00:10.500645269Z,3.89621e+00,-3.01270e+00,-1.48913e+00,5.14532e+00
2024-01-01T00:00:10.563146191Z,3.90894e+00,-3.00474e+00,-1.48714e+00,5.14975e+00
2024-01-01T00:00:10.625647112Z,3.91187e+00,-3.01849e+00,-1.47392e+00,5.15621e+00
2024-01-01T00:00:10.688148034Z,3.89749e+00,-3.03030e+00,-1.47976e+00,5.15391e+00
2024-01-01T00:00:10.750648956Z,3.89436e+00,-3.03554e+00,-1.48005e+00,5.15471e+00
2024-01-01T00:00:10.813149878Z,3.90653e+00,-3.06175e+00,-1.48162e+00,5.17981e+00
2024-01-01T00:00:10.875650800Z,3.89234e+00,-3.06286e+00,-1.47711e+00,5.16848e+00
2024-01-01T00:00:10.938151722Z,3.91113e+00,-3.06714e+00,-1.46752e+00,5.18246e+00
2024-01-01T00:00:11.000652644Z,3.89649e+00,-3.06589e+00,-1.47596e+00,5.17308e+00
2024-01-01T00:00:11.063153566Z,3.89741e+00,-3.07309e+00,-1.47840e+00,5.17874e+00
2024-01-01T00:00:11.125654487Z,3.88825e+00,-3.04902e+00,-1.47963e+00,5.15794e+00
2024-01-01T00:00:11.188155409Z,3.88583e+00,-3.05846e+00,-1.46677e+00,5.15803e+00
2024-01-01T00:00:11.250656331Z,3.90188e+00,-3.06107e+00,-1.48304e+00,5.17631e+00
2024-01-01T00:00:11.313157253Z,3.89977e+00,-3.07812e+00,-1.46927e+00,5.18090e+00
2024-01-01T00:00:11.375658175Z,3.88833e+00,-3.08834e+00,-1.47794e+00,5.18085e+00
2024-01-01T00:00:11.438159097Z,3.90640e+00,-3.07623e+00,-1.47185e+00,5.18551e+00
2024-01-01T00:00:11.500660019Z,3.88773e+00,-3.07153e+00,-1.44754e+00,5.16179e+00
2024-01-01T00:00:11.563160940Z,3.87120e+00,-3.07444e+00,-1.47279e+00,5.15824e+00
2024-01-01T00:00:11.625661862Z,3.89078e+00,-3.09514e+00,-1.47132e+00,5.18487e+00
2024-01-01T00:00:11.688162784Z,3.89659e+00,-3.09591e+00,-1.48576e+00,5.19380e+00
2024-01-01T00:00:11.750663706Z,3.90630e+00,-3.08214e+00,-1.48205e+00,5.19184e+00
2024-01-01T00:00:11.813164628Z,3.90317e+00,-3.09272e+00,-1.47794e+00,5.19461e+00
2024-01-01T00:00:11.875665550Z,3.92145e+00,-3.08609e+00,-1.45067e+00,5.19675e+00
2024-01-01T00:00:11.938166472Z,3.89271e+00,-3.07940e+00,-1.42954e+00,5.16522e+00
2024-01-01T00:00:12.000667393Z,3.91353e+00,-3.08761e+00,-1.42779e+00,5.18533e+00
2024-01-01T00:00:12.063168315Z,3.90836e+00,-3.09472e+00,-1.42237e+00,5.18418e+00
2024-01-01T00:00:12.125669237Z,3.90399e+00,-3.10358e+00,-1.41901e+00,5.18527e+00
2024-01-01T00:00:12.188170159Z,3.91818e+00,-3.09413e+00,-1.41449e+00,5.18909e+00
2024-01-01T00:00:12.250671081Z,3.91307e+00,-3.10076e+00,-1.43616e+00,5.19513e+00
2024-01-01T00:00:12.313172003Z,3.92533e+00,-3.09509e+00,-1.43153e+00,5.19972e+00
2024-01-01T00:00:12.375672925Z,3.94874e+00,-3.09946e+00,-1.43678e+00,5.22144e+00
2024-01-01T00:00:12.438173847Z,3.94108e+00,-3.06684e+00,-1.44255e+00,5.19794e+00
2024-01-01T00:00:12.500674768Z,3.92889e+00,-3.05975e+00,-1.44939e+00,5.18642e+00
2024-01-01T00:00:12.563175690Z,3.93664e+00,-3.07048e+00,-1.42852e+00,5.19285e+00
2024-01-01T00:00:12.625676612Z,3.93397e+00,-3.06423e+00,-1.42485e+00,5.18612e+00
2024-01-01T00:00:12.688177534Z,3.91386e+00,-3.06533e+00,-1.43526e+00,5.17441e+00
2024-01-01T00:00:12.750678456Z,3.93035e+00,-3.04181e+00,-1.43856e+00,5.17395e+00
2024-01-01T00:00:12.813179378Z,3.93043e+00,-3.06393e+00,-1.43939e+00,5.18727e+00
2024-01-01T00:00:12.875680300Z,3.94005e+00,-3.05924e+00,-1.43945e+00,5.19181e+00
2024-01-01T00:00:12.938181221Z,3.94896e+00,-3.06452e+00,-1.43553e+00,5.20061e+00
2024-01-01T00:00:13.000682143Z,3.93964e+00,-3.04344e+00,-1.44824e+00,5.18466e+00
2024-01-01T00:00:13.063183065Z,3.94590e+00,-3.03682e+00,-1.47619e+00,5.19342e+00
2024-01-01T00:00:13.125683987Z,3.91444e+00,-3.03728e+00,-1.50281e+00,5.17749e+00
2024-01-01T00:00:13.188184909Z,3.91502e+00,-3.01852e+00,-1.50303e+00,5.16701e+00
2024-01-01T00:00:13.250685831Z,3.91844e+00,-3.04202e+00,-1.50288e+00,5.18331e+00
2024-01-01T00:00:13.313186753Z,3.90473e+00,-3.04819e+00,-1.49841e+00,5.17529e+00
2024-01-01T00:00:13.375687674Z,3.88863e+00,-3.03961e+00,-1.49057e+00,5.15582e+00
2024-01-01T00:00:13.438188596Z,3.89071e+00,-3.04166e+00,-1.49909e+00,5.16107e+00
2024-01-01T00:00:13.500689518Z,3.90035e+00,-3.03413e+00,-1.53011e+00,5.17299e+00
2024-01-01T00:00:13.563190440Z,3.86929e+00,-3.02632e+00,-1.55148e+00,5.15142e+00
2024-01-01T00:00:13.625691362Z,3.88565e+00,-3.02917e+00,-1.55481e+00,5.16639e+00
2024-01-01T00:00:13.688192284Z,3.90434e+00,-3.04448e+00,-1.53523e+00,5.18359e+00
2024-01-01T00:00:13.750693206Z,3.91448e+00,-3.02463e+00,-1.54999e+00,5.18401e+00
2024-01-01T00:00:13.813194128Z,3.91887e+00,-3.03702e+00,-1.55963e+00,5.19745e+00
2024-01-01T00:00:13.875695049Z,3.90766e+00,-3.00637e+00,-1.57996e+00,5.17729e+00
2024-01-01T00:00:13.938195971Z,3.91674e+00,-3.00499e+00,-1.57665e+00,5.18234e+00
2024-01-01T00:00:14.000696893Z,3.93286e+00,-3.02320e+00,-1.56990e+00,5.20305e+00
2024-01-01T00:00:14.063197815Z,3.91880e+00,-3.02684e+00,-1.57015e+00,5.19462e+00
2024-01-01T00:00:14.125698737Z,3.91554e+00,-3.03534e+00,-1.56506e+00,5.19559e+00
2024-01-01T00:00:14.188199659Z,3.91536e+00,-3.03640e+00,-1.57016e+00,5.19761e+00
2024-01-01T00:00:14.250700581Z,3.92732e+00,-3.02176e+00,-1.56483e+00,5.19650e+00
2024-01-01T00:00:14.313201502Z,3.91893e+00,-3.02591e+00,-1.57544e+00,5.19578e+00
2024-01-01T00:00:14.375702424Z,3.91983e+00,-3.01325e+00,-1.58449e+00,5.19186e+00
2024-01-01T00:00:14.438203346Z,3.91026e+00,-2.99792e+00,-1.57675e+00,5.17338e+00
2024-01-01T00:00:14.500704268Z,3.90802e+00,-2.99994e+00,-1.57762e+00,5.17312e+00
2024-01-01T00:00:14.563205190Z,3.89263e+00,-2.99426e+00,-1.58163e+00,5.15943e+00
2024-01-01T00:00:14.625706112Z,3.90260e+00,-3.00040e+00,-1.56917e+00,5.16672e+00
2024-01-01T00:00:14.688207034Z,3.89678e+00,-3.00142e+00,-1.56574e+00,5.16187e+00
2024-01-01T00:00:14.750707956Z,3.89127e+00,-3.00809e+00,-1.59152e+00,5.16948e+00
2024-01-01T00:00:14.813208877Z,3.88984e+00,-2.99130e+00,-1.58926e+00,5.15795e+00
2024-01-01T00:00:14.875709799Z,3.87699e+00,-2.97679e+00,-1.55911e+00,5.13060e+00
2024-01-01T00:00:14.938210721Z,3.88995e+00,-2.98513e+00,-1.56288e+00,5.14639e+00
2024-01-01T00:00:15.000711643Z,3.89449e+00,-3.00181e+00,-1.56210e+00,5.15927e+00
2024-01-01T00:00:15.063212565Z,3.88664e+00,-3.00265e+00,-1.57054e+00,5.15640e+00
2024-01-01T00:00:15.125713487Z,3.88078e+00,-3.01765e+00,-1.53787e+00,5.15090e+00
2024-01-01T00:00:15.188214409Z,3.88677e+00,-3.01417e+00,-1.54009e+00,5.15403e+00
2024-01-01T00:00:15.250715330Z,3.85765e+00,-3.03779e+00,-1.54824e+00,5.14846e+00
2024-01-01T00:00:15.313216252Z,3.85480e+00,-3.05238e+00,-1.53685e+00,5.15154e+00
2024-01-01T00:00:15.375717174Z,3.85537e+00,-3.02441e+00,-1.52656e+00,5.13238e+00
2024-01-01T00:00:15.438218096Z,3.86274e+00,-3.04460e+00,-1.51378e+00,5.14605e+00
2024-01-01T00:00:15.500719018Z,3.85184e+00,-3.06931e+00,-1.50087e+00,5.14878e+00
2024-01-01T00:00:15.563219940Z,3.85307e+00,-3.07384e+00,-1.46852e+00,5.14307e+00
2024-01-01T00:00:15.625720862Z,3.84174e+00,-3.07510e+00,-1.46357e+00,5.13393e+00
2024-01-01T00:00:15.688221783Z,3.82627e+00,-3.08478e+00,-1.48052e+00,5.13304e+00
2024-01-01T00:00:15.750722705Z,3.82155e+00,-3.08131e+00,-1.46287e+00,5.12238e+00
2024-01-01T00:00:15.813223627Z,3.83476e+00,-3.08808e+00,-1.43324e+00,5.12794e+00
2024-01-01T00:00:15.875724549Z,3.82600e+00,-3.08687e+00,-1.43446e+00,5.12101e+00
2024-01-01T00:00:15.938225471Z,3.83970e+00,-3.09520e+00,-1.43905e+00,5.13756e+00
2024-01-01T00:00:16.000726393Z,3.80151e+00,-3.11007e+00,-1.44152e+00,5.11879e+00
2024-01-01T00:00:16.063227315Z,3.82356e+00,-3.10923e+00,-1.42949e+00,5.13131e+00
2024-01-01T00:00:16.125728237Z,3.84048e+00,-3.14670e+00,-1.40607e+00,5.16024e+00
2024-01-01T00:00:16.188229158Z,3.83545e+00,-3.16114e+00,-1.37730e+00,5.15756e+00
2024-01-01T00:00:16.250730080Z,3.83006e+00,-3.16457e+00,-1.36763e+00,5.15308e+00
2024-01-01T00:00:16.313231002Z,3.83640e+00,-3.16286e+00,-1.36167e+00,5.15517e+00
2024-01-01T00:00:16.375731924Z,3.83924e+00,-3.16289e+00,-1.35651e+00,5.15594e+00
2024-01-01T00:00:16.438232846Z,3.83904e+00,-3.17421e+00,-1.35619e+00,5.16266e+00
2024-01-01T00:00:16.500733768Z,3.82631e+00,-3.18635e+00,-1.35915e+00,5.16147e+00
2024-01-01T00:00:16.563234690Z,3.84297e+00,-3.18612e+00,-1.35077e+00,5.17150e+00
2024-01-01T00:00:16.625735611Z,3.84436e+00,-3.20510e+00,-1.35354e+00,5.18496e+00
2024-01-01T00:00:16.688236533Z,3.84796e+00,-3.22460e+00,-1.33731e+00,5.19551e+00
2024-01-01T00:00:16.750737455Z,3.83562e+00,-3.21142e+00,-1.33128e+00,5.17663e+00
2024-01-01T00:00:16.813238377Z,3.84252e+00,-3.22722e+00,-1.31425e+00,5.18721e+00
2024-01-01T00:00:16.875739299Z,3.84752e+00,-3.19533e+00,-1.29719e+00,5.16684e+00
2024-01-01T00:00:16.938240221Z,3.84670e+00,-3.18694e+00,-1.29988e+00,5.16172e+00
2024-01-01T00:00:17.000741143Z,3.84601e+00,-3.20372e+00,-1.28845e+00,5.16873e+00
2024-01-01T00:00:17.063242064Z,3.86442e+00,-3.19726e+00,-1.28520e+00,5.17764e+00
2024-01-01T00:00:17.125742986Z,3.86209e+00,-3.21755e+00,-1.30788e+00,5.19412e+00
2024-01-01T00:00:17.188243908Z,3.86121e+00,-3.19715e+00,-1.31364e+00,5.18231e+00
2024-01-01T00:00:17.250744830Z,3.86230e+00,-3.18914e+00,-1.31043e+00,5.17737e+00
2024-01-01T00:00:17.313245752Z,3.86139e+00,-3.19420e+00,-1.30909e+00,5.17947e+00
2024-01-01T00:00:17.375746674Z,3.88929e+00,-3.19932e+00,-1.31540e+00,5.20505e+00
2024-01-01T00:00:17.438247596Z,3.87327e+00,-3.19733e+00,-1.31929e+00,5.19285e+00
2024-01-01T00:00:17.500748518Z,3.85974e+00,-3.22013e+00,-1.33030e+00,5.19966e+00
2024-01-01T00:00:17.563249439Z,3.85898e+00,-3.18990e+00,-1.33012e+00,5.18039e+00
2024-01-01T00:00:17.625750361Z,3.86057e+00,-3.18753e+00,-1.33402e+00,5.18111e+00
2024-01-01T00:00:17.688251283Z,3.85634e+00,-3.21251e+00,-1.32242e+00,5.19041e+00
2024-01-01T00:00:17.750752205Z,3.87694e+00,-3.20566e+00,-1.33341e+00,5.20432e+00
2024-01-01T00:00:17.813253127Z,3.88653e+00,-3.18878e+00,-1.34686e+00,5.20456e+00
2024-01-01T00:00:17.875754049Z,3.89089e+00,-3.16724e+00,-1.35402e+00,5.19652e+00
2024-01-01T00:00:17.938254971Z,3.88719e+00,-3.15693e+00,-1.34161e+00,5.18424e+00
2024-01-01T00:00:18.000755892Z,3.91048e+00,-3.14140e+00,-1.34475e+00,5.19313e+00
2024-01-01T00:00:18.063256814Z,3.90815e+00,-3.13039e+00,-1.35256e+00,5.18675e+00
2024-01-01T00:00:18.125757736Z,3.90634e+00,-3.13788e+00,-1.32814e+00,5.18360e+00
2024-01-01T00:00:18.188258658Z,3.91045e+00,-3.13983e+00,-1.33928e+00,5.19075e+00
2024-01-01T00:00:18.250759580Z,3.91742e+00,-3.15151e+00,-1.32640e+00,5.19977e+00
2024-01-01T00:00:18.313260502Z,3.91835e+00,-3.12574e+00,-1.31638e+00,5.18234e+00
2024-01-01T00:00:18.375761424Z,3.90806e+00,-3.12402e+00,-1.31979e+00,5.17438e+00
2024-01-01T00:00:18.438262345Z,3.91874e+00,-3.11808e+00,-1.30620e+00,5.17543e+00
2024-01-01T00:00:18.500763267Z,3.93041e+00,-3.12078e+00,-1.32080e+00,5.18960e+00
2024-01-01T00:00:18.563264189Z,3.91847e+00,-3.11318e+00,-1.32017e+00,5.17583e+00
2024-01-01T00:00:18.625765111Z,3.92304e+00,-3.11713e+00,-1.31130e+00,5.17940e+00
2024-01-01T00:00:18.688266033Z,3.90666e+00,-3.13787e+00,-1.28825e+00,5.17377e+00
2024-01-01T00:00:18.750766955Z,3.92421e+00,-3.13895e+00,-1.28510e+00,5.18690e+00
2024-01-01T00:00:18.813267877Z,3.93759e+00,-3.12833e+00,-1.27174e+00,5.18733e+00
2024-01-01T00:00:18.875768799Z,3.93267e+00,-3.12474e+00,-1.27456e+00,5.18212e+00
2024-01-01T00:00:18.938269720Z,3.92342e+00,-3.12434e+00,-1.26912e+00,5.17353e+00
2024-01-01T00:00:19.000770642Z,3.91822e+00,-3.14939e+00,-1.24873e+00,5.17980e+00
2024-01-01T00:00:19.063271564Z,3.92279e+00,-3.16404e+00,-1.23390e+00,5.18863e+00
2024-01-01T00:00:19.125772486Z,3.90231e+00,-3.14706e+00,-1.25922e+00,5.16892e+00
2024-01-01T00:00:19.188273408Z,3.89854e+00,-3.14314e+00,-1.27327e+00,5.16713e+00
2024-01-01T00:00:19.250774330Z,3.88571e+00,-3.15034e+00,-1.27278e+00,5.16172e+00
2024-01-01T00:00:19.313275252Z,3.87496e+00,-3.14080e+00,-1.25337e+00,5.14304e+00
2024-01-01T00:00:19.375776173Z,3.90138e+00,-3.15323e+00,-1.28093e+00,5.17730e+00
2024-01-01T00:00:19.438277095Z,3.89088e+00,-3.16650e+00,-1.28060e+00,5.17742e+00
2024-01-01T00:00:19.500778017Z,3.88375e+00,-3.16152e+00,-1.29762e+00,5.17325e+00
2024-01-01T00:00:19.563278939Z,3.88949e+00,-3.17201e+00,-1.28302e+00,5.18034e+00
2024-01-01T00:00:19.625779861Z,3.87523e+00,-3.17461e+00,-1.26655e+00,5.16718e+00
2024-01-01T00:00:19.688280783Z,3.87176e+00,-3.18047e+00,-1.25662e+00,5.16575e+00
2024-01-01T00:00:19.750781705Z,3.87509e+00,-3.16821e+00,-1.24306e+00,5.15743e+00
2024-01-01T00:00:19.813282627Z,3.87997e+00,-3.15264e+00,-1.26983e+00,5.15808e+00
2024-01-01T00:00:19.875783548Z,3.88372e+00,-3.15903e+00,-1.27337e+00,5.16568e+00
2024-01-01T00:00:19.938284470Z,3.88231e+00,-3.18414e+00,-1.27061e+00,5.17934e+00
2024-01-01T00:00:20.000785392Z,3.85278e+00,-3.18755e+00,-1.25562e+00,5.15568e+00
2024-01-01T00:00:20.063286314Z,3.85353e+00,-3.18438e+00,-1.26919e+00,5.15759e+00
2024-01-01T00:00:20.125787236Z,3.86345e+00,-3.20780e+00,-1.28815e+00,5.18417e+00
2024-01-01T00:00:20.188288158Z,3.86944e+00,-3.19972e+00,-1.27485e+00,5.18035e+00
2024-01-01T00:00:20.250789080Z,3.88164e+00,-3.21422e+00,-1.29197e+00,5.20264e+00
2024-01-01T00:00:20.313290001Z,3.87096e+00,-3.20577e+00,-1.28000e+00,5.18649e+00
2024-01-01T00:00:20.375790923Z,3.86095e+00,-3.21317e+00,-1.28012e+00,5.18364e+00
2024-01-01T00:00:20.438291845Z,3.89368e+00,-3.21125e+00,-1.28415e+00,5.20787e+00
2024-01-01T00:00:20.500792767Z,3.89595e+00,-3.22878e+00,-1.24060e+00,5.20985e+00
2024-01-01T00:00:20.563293689Z,3.87338e+00,-3.22430e+00,-1.23827e+00,5.18965e+00
2024-01-01T00:00:20.625794611Z,3.88049e+00,-3.21983e+00,-1.23422e+00,5.19122e+00
2024-01-01T00:00:20.688295533Z,3.86640e+00,-3.23331e+00,-1.23129e+00,5.18839e+00
2024-01-01T00:00:20.750796454Z,3.85972e+00,-3.23974e+00,-1.23072e+00,5.18729e+00
2024-01-01T00:00:20.813297376Z,3.85527e+00,-3.25968e+00,-1.22122e+00,5.19423e+00
2024-01-01T00:00:20.875798298Z,3.85740e+00,-3.26000e+00,-1.22511e+00,5.19693e+00
2024-01-01T00:00:20.938299220Z,3.86120e+00,-3.26554e+00,-1.20899e+00,5.19945e+00
2024-01-01T00:00:21.000800142Z,3.85864e+00,-3.26369e+00,-1.18056e+00,5.18985e+00
2024-01-01T00:00:21.063301064Z,3.84766e+00,-3.26195e+00,-1.16187e+00,5.17636e+00
2024-01-01T00:00:21.125801986Z,3.84719e+00,-3.26295e+00,-1.17380e+00,5.17934e+00
2024-01-01T00:00:21.188302908Z,3.84324e+00,-3.26593e+00,-1.16350e+00,5.17596e+00
2024-01-01T00:00:21.250803829Z,3.83725e+00,-3.27668e+00,-1.18331e+00,5.18280e+00
2024-01-01T00:00:21.313304751Z,3.82521e+00,-3.25892e+00,-1.18680e+00,5.16346e+00
2024-01-01T00:00:21.375805673Z,3.83211e+00,-3.27935e+00,-1.18810e+00,5.18177e+00
2024-01-01T00:00:21.438306595Z,3.83500e+00,-3.29510e+00,-1.16715e+00,5.18914e+00
2024-01-01T00:00:21.500807517Z,3.84686e+00,-3.28160e+00,-1.17671e+00,5.19152e+00
2024-01-01T00:00:21.563308439Z,3.84646e+00,-3.26882e+00,-1.19686e+00,5.18777e+00
2024-01-01T00:00:21.625809361Z,3.84448e+00,-3.27681e+00,-1.19890e+00,5.19181e+00
2024-01-01T00:00:21.688310282Z,3.84780e+00,-3.28215e+00,-1.19616e+00,5.19700e+00
2024-01-01T00:00:21.750811204Z,3.84007e+00,-3.28426e+00,-1.18495e+00,5.19005e+00
2024-01-01T00:00:21.813312126Z,3.85230e+00,-3.30919e+00,-1.18567e+00,5.21505e+00
2024-01-01T00:00:21.875813048Z,3.85890e+00,-3.33067e+00,-1.16609e+00,5.22917e+00
2024-01-01T00:00:21.938313970Z,3.84895e+00,-3.30980e+00,-1.16287e+00,5.20783e+00
2024-01-01T00:00:22.000814892Z,3.86166e+00,-3.30362e+00,-1.15658e+00,5.21191e+00
2024-01-01T00:00:22.063315814Z,3.86472e+00,-3.30032e+00,-1.16401e+00,5.21374e+00
2024-01-01T00:00:22.125816735Z,3.84859e+00,-3.28837e+00,-1.18276e+00,5.19846e+00
2024-01-01T00:00:22.188317657Z,3.85284e+00,-3.26516e+00,-1.19624e+00,5.19006e+00
2024-01-01T00:00:22.250818579Z,3.86714e+00,-3.24754e+00,-1.20311e+00,5.19122e+00
2024-01-01T00:00:22.313319501Z,3.87787e+00,-3.22658e+00,-1.23699e+00,5.19411e+00
2024-01-01T00:00:22.375820423Z,3.84611e+00,-3.24130e+00,-1.21110e+00,5.17352e+00
2024-01-01T00:00:22.438321345Z,3.83177e+00,-3.23903e+00,-1.20996e+00,5.16118e+00
2024-01-01T00:00:22.500822267Z,3.84736e+00,-3.24172e+00,-1.20499e+00,5.17329e+00
2024-01-01T00:00:22.563323189Z,3.83274e+00,-3.24914e+00,-1.20796e+00,5.16778e+00
2024-01-01T00:00:22.625824110Z,3.82448e+00,-3.23655e+00,-1.20909e+00,5.15401e+00
2024-01-01T00:00:22.688325032Z,3.82238e+00,-3.22431e+00,-1.21751e+00,5.14675e+00
2024-01-01T00:00:22.750825954Z,3.81765e+00,-3.24475e+00,-1.20593e+00,5.15336e+00
2024-01-01T00:00:22.813326876Z,3.81347e+00,-3.22720e+00,-1.19217e+00,5.13601e+00
2024-01-01T00:00:22.875827798Z,3.80339e+00,-3.20900e+00,-1.23851e+00,5.12809e+00
2024-01-01T00:00:22.938328720Z,3.82094e+00,-3.21584e+00,-1.21771e+00,5.14043e+00
2024-01-01T00:00:23.000829642Z,3.81202e+00,-3.22757e+00,-1.21910e+00,5.14149e+00
2024-01-01T00:00:23.063330563Z,3.84062e+00,-3.21916e+00,-1.23184e+00,5.16050e+00
2024-01-01T00:00:23.125831485Z,3.84147e+00,-3.20398e+00,-1.25757e+00,5.15790e+00
2024-01-01T00:00:23.188332407Z,3.81580e+00,-3.18804e+00,-1.28835e+00,5.13651e+00
2024-01-01T00:00:23.250833329Z,3.82417e+00,-3.16780e+00,-1.30832e+00,5.13526e+00
2024-01-01T00:00:23.313334251Z,3.81249e+00,-3.17201e+00,-1.30363e+00,5.12799e+00
2024-01-01T00:00:23.375835173Z,3.80908e+00,-3.16832e+00,-1.29618e+00,5.12128e+00
2024-01-01T00:00:23.438336095Z,3.80888e+00,-3.14566e+00,-1.30078e+00,5.10830e+00
2024-01-01T00:00:23.500837017Z,3.80184e+00,-3.14422e+00,-1.31738e+00,5.10642e+00
2024-01-01T00:00:23.563337938Z,3.79531e+00,-3.14102e+00,-1.30183e+00,5.09560e+00
2024-01-01T00:00:23.625838860Z,3.79490e+00,-3.15763e+00,-1.28169e+00,5.10045e+00
2024-01-01T00:00:23.688339782Z,3.82135e+00,-3.16291e+00,-1.29666e+00,5.12719e+00
2024-01-01T00:00:23.750840704Z,3.81869e+00,-3.16554e+00,-1.29545e+00,5.12652e+00
2024-01-01T00:00:23.813341626Z,3.81278e+00,-3.14837e+00,-1.30198e+00,5.11319e+00
2024-01-01T00:00:23.875842548Z,3.80016e+00,-3.17754e+00,-1.30473e+00,5.12253e+00
2024-01-01T00:00:23.938343470Z,3.80427e+00,-3.16279e+00,-1.29159e+00,5.11311e+00
2024-01-01T00:00:24.000844391Z,3.82860e+00,-3.14060e+00,-1.28517e+00,5.11597e+00
2024-01-01T00:00:24.063345313Z,3.80523e+00,-3.13812e+00,-1.28824e+00,5.09776e+00
2024-01-01T00:00:24.125846235Z,3.78372e+00,-3.15076e+00,-1.27146e+00,5.08531e+00
2024-01-01T00:00:24.188347157Z,3.81488e+00,-3.12488e+00,-1.26025e+00,5.08983e+00
2024-01-01T00:00:24.250848079Z,3.83041e+00,-3.14933e+00,-1.27220e+00,5.11945e+00
2024-01-01T00:00:24.313349001Z,3.82969e+00,-3.15909e+00,-1.27433e+00,5.12546e+00
2024-01-01T00:00:24.375849923Z,3.82395e+00,-3.16111e+00,-1.28021e+00,5.12388e+00
2024-01-01T00:00:24.438350844Z,3.83211e+00,-3.15448e+00,-1.30965e+00,5.13332e+00
2024-01-01T00:00:24.500851766Z,3.85133e+00,-3.16360e+00,-1.29549e+00,5.14970e+00
2024-01-01T00:00:24.563352688Z,3.84669e+00,-3.15520e+00,-1.29630e+00,5.14128e+00
2024-01-01T00:00:24.625853610Z,3.81797e+00,-3.14952e+00,-1.27813e+00,5.11175e+00
2024-01-01T00:00:24.688354532Z,3.81494e+00,-3.16269e+00,-1.27328e+00,5.11641e+00
2024-01-01T00:00:24.750855454Z,3.81901e+00,-3.16905e+00,-1.26460e+00,5.12122e+00
2024-01-01T00:00:24.813356376Z,3.80274e+00,-3.18588e+00,-1.26335e+00,5.11925e+00
2024-01-01T00:00:24.875857298Z,3.80070e+00,-3.17569e+00,-1.25222e+00,5.10866e+00
2024-01-01T00:00:24.938358219Z,3.80047e+00,-3.18416e+00,-1.23742e+00,5.11015e+00
2024-01-01T00:00:25.000859141Z,3.80751e+00,-3.20272e+00,-1.23815e+00,5.12714e+00
2024-01-01T00:00:25.063360063Z,3.81686e+00,-3.21269e+00,-1.24087e+00,5.14097e+00
2024-01-01T00:00:25.125860985Z,3.79784e+00,-3.21833e+00,-1.23740e+00,5.12956e+00
2024-01-01T00:00:25.188361907Z,3.79497e+00,-3.20128e+00,-1.24327e+00,5.11817e+00
2024-01-01T00:00:25.250862829Z,3.78474e+00,-3.20102e+00,-1.24007e+00,5.10965e+00
2024-01-01T00:00:25.313363751Z,3.79834e+00,-3.20666e+00,-1.24494e+00,5.12444e+00
2024-01-01T00:00:25.375864672Z,3.80172e+00,-3.22827e+00,-1.22656e+00,5.13607e+00
2024-01-01T00:00:25.438365594Z,3.79638e+00,-3.22270e+00,-1.23154e+00,5.12981e+00
2024-01-01T00:00:25.500866516Z,3.79041e+00,-3.21437e+00,-1.22035e+00,5.11748e+00
2024-01-01T00:00:25.563367438Z,3.79385e+00,-3.22470e+00,-1.20283e+00,5.12238e+00
2024-01-01T00:00:25.625868360Z,3.78813e+00,-3.23548e+00,-1.21210e+00,5.12713e+00
2024-01-01T00:00:25.688369282Z,3.78777e+00,-3.23144e+00,-1.19821e+00,5.12105e+00
2024-01-01T00:00:25.750870204Z,3.78432e+00,-3.23168e+00,-1.19533e+00,5.11797e+00
2024-01-01T00:00:25.813371125Z,3.79391e+00,-3.25284e+00,-1.18834e+00,5.13681e+00
2024-01-01T00:00:25.875872047Z,3.80594e+00,-3.24182e+00,-1.17585e+00,5.13587e+00
2024-01-01T00:00:25.938372969Z,3.80331e+00,-3.23224e+00,-1.18190e+00,5.12927e+00
2024-01-01T00:00:26.000873891Z,3.81184e+00,-3.26169e+00,-1.18510e+00,5.15492e+00
2024-01-01T00:00:26.063374813Z,3.80098e+00,-3.23607e+00,-1.18046e+00,5.12963e+00
2024-01-01T00:00:26.125875735Z,3.81460e+00,-3.23746e+00,-1.17934e+00,5.14035e+00
2024-01-01T00:00:26.188376657Z,3.82452e+00,-3.25379e+00,-1.18238e+00,5.15870e+00
2024-01-01T00:00:26.250877579Z,3.81862e+00,-3.24990e+00,-1.17432e+00,5.15002e+00
2024-01-01T00:00:26.313378500Z,3.81311e+00,-3.25351e+00,-1.19256e+00,5.15241e+00
2024-01-01T00:00:26.375879422Z,3.82393e+00,-3.25179e+00,-1.19430e+00,5.15974e+00
2024-01-01T00:00:26.438380344Z,3.80485e+00,-3.25958e+00,-1.20904e+00,5.15398e+00
2024-01-01T00:00:26.500881266Z,3.81093e+00,-3.26428e+00,-1.20265e+00,5.15995e+00
2024-01-01T00:00:26.563382188Z,3.81667e+00,-3.26292e+00,-1.20217e+00,5.16323e+00
2024-01-01T00:00:26.625883110Z,3.80586e+00,-3.27533e+00,-1.19723e+00,5.16194e+00
2024-01-01T00:00:26.688384032Z,3.78566e+00,-3.25745e+00,-1.18322e+00,5.13246e+00
2024-01-01T00:00:26.750884953Z,3.81044e+00,-3.25128e+00,-1.16938e+00,5.14371e+00
2024-01-01T00:00:26.813385875Z,3.80184e+00,-3.26113e+00,-1.18056e+00,5.14613e+00
2024-01-01T00:00:26.875886797Z,3.78691e+00,-3.25259e+00,-1.18705e+00,5.13119e+00
2024-01-01T00:00:26.938387719Z,3.79866e+00,-3.25444e+00,-1.20599e+00,5.14544e+00
2024-01-01T00:00:27.000888641Z,3.78508e+00,-3.25462e+00,-1.19459e+00,5.13288e+00
2024-01-01T00:00:27.063389563Z,3.79498e+00,-3.26253e+00,-1.19245e+00,5.14470e+00
2024-01-01T00:00:27.125890485Z,3.79863e+00,-3.27733e+00,-1.15698e+00,5.14870e+00
2024-01-01T00:00:27.188391406Z,3.81707e+00,-3.26129e+00,-1.16980e+00,5.15504e+00
2024-01-01T00:00:27.250892328Z,3.80106e+00,-3.25345e+00,-1.18123e+00,5.14085e+00
2024-01-01T00:00:27.313393250Z,3.79913e+00,-3.25536e+00,-1.17538e+00,5.13928e+00
2024-01-01T00:00:27.375894172Z,3.81045e+00,-3.26059e+00,-1.16418e+00,5.14843e+00
2024-01-01T00:00:27.438395094Z,3.80668e+00,-3.26644e+00,-1.16636e+00,5.14984e+00
2024-01-01T00:00:27.500896016Z,3.79924e+00,-3.26560e+00,-1.18130e+00,5.14721e+00
2024-01-01T00:00:27.563396938Z,3.80627e+00,-3.27303e+00,-1.18904e+00,5.15890e+00
2024-01-01T00:00:27.625897860Z,3.79678e+00,-3.26952e+00,-1.18167e+00,5.14797e+00
2024-01-01T00:00:27.688398781Z,3.79284e+00,-3.26845e+00,-1.17661e+00,5.14323e+00
2024-01-01T00:00:27.750899703Z,3.79242e+00,-3.27861e+00,-1.17799e+00,5.14969e+00
2024-01-01T00:00:27.813400625Z,3.79221e+00,-3.26499e+00,-1.18588e+00,5.14269e+00
2024-01-01T00:00:27.875901547Z,3.81272e+00,-3.24511e+00,-1.18959e+00,5.14613e+00
2024-01-01T00:00:27.938402469Z,3.79780e+00,-3.25568e+00,-1.19326e+00,5.14262e+00
2024-01-01T00:00:28.000903391Z,3.80022e+00,-3.28256e+00,-1.19007e+00,5.16073e+00
2024-01-01T00:00:28.063404313Z,3.79086e+00,-3.27846e+00,-1.19667e+00,5.15276e+00
2024-01-01T00:00:28.125905234Z,3.80758e+00,-3.26431e+00,-1.20230e+00,5.15742e+00
2024-01-01T00:00:28.188406156Z,3.81463e+00,-3.25501e+00,-1.18944e+00,5.15377e+00
2024-01-01T00:00:28.250907078Z,3.79953e+00,-3.25112e+00,-1.20175e+00,5.14299e+00
2024-01-01T00:00:28.313408000Z,3.80391e+00,-3.27043e+00,-1.21754e+00,5.16215e+00
2024-01-01T00:00:28.375908922Z,3.80995e+00,-3.26766e+00,-1.19870e+00,5.16045e+00
2024-01-01T00:00:28.438409844Z,3.81468e+00,-3.26476e+00,-1.17474e+00,5.15659e+00
2024-01-01T00:00:28.500910766Z,3.80496e+00,-3.27407e+00,-1.19257e+00,5.15940e+00
2024-01-01T00:00:28.563411688Z,3.80539e+00,-3.27964e+00,-1.18968e+00,5.16260e+00
2024-01-01T00:00:28.625912609Z,3.77992e+00,-3.26630e+00,-1.18805e+00,5.13498e+00
2024-01-01T00:00:28.688413531Z,3.77788e+00,-3.28299e+00,-1.17920e+00,5.14207e+00
2024-01-01T00:00:28.750914453Z,3.77565e+00,-3.28859e+00,-1.18919e+00,5.14631e+00
2024-01-01T00:00:28.813415375Z,3.80466e+00,-3.28645e+00,-1.18754e+00,5.16589e+00
2024-01-01T00:00:28.875916297Z,3.79736e+00,-3.27017e+00,-1.16556e+00,5.14514e+00
2024-01-01T00:00:28.938417219Z,3.79592e+00,-3.26714e+00,-1.16428e+00,5.14186e+00
2024-01-01T00:00:29.000918141Z,3.78052e+00,-3.26672e+00,-1.16532e+00,5.13048e+00
2024-01-01T00:00:29.063419062Z,3.79207e+00,-3.25052e+00,-1.17043e+00,5.12987e+00
2024-01-01T00:00:29.125919984Z,3.78938e+00,-3.25751e+00,-1.16422e+00,5.13090e+00
2024-01-01T00:00:29.188420906Z,3.79478e+00,-3.25895e+00,-1.15225e+00,5.13311e+00
2024-01-01T00:00:29.250921828Z,3.79325e+00,-3.25633e+00,-1.17301e+00,5.13501e+00
2024-01-01T00:00:29.313422750Z,3.79947e+00,-3.27439e+00,-1.16343e+00,5.14890e+00
2024-01-01T00:00:29.375923672Z,3.78510e+00,-3.27681e+00,-1.18859e+00,5.14560e+00
2024-01-01T00:00:29.438424594Z,3.80273e+00,-3.29160e+00,-1.17448e+00,5.16476e+00
2024-01-01T00:00:29.500925515Z,3.78729e+00,-3.29290e+00,-1.17233e+00,5.15375e+00
2024-01-01T00:00:29.563426437Z,3.79658e+00,-3.27706e+00,-1.18222e+00,5.15275e+00
2024-01-01T00:00:29.625927359Z,3.76623e+00,-3.29120e+00,-1.18250e+00,5.13953e+00
2024-01-01T00:00:29.688428281Z,3.76624e+00,-3.28773e+00,-1.16794e+00,5.13399e+00
2024-01-01T00:00:29.750929203Z,3.79295e+00,-3.27355e+00,-1.15563e+00,5.14180e+00
2024-01-01T00:00:29.813430125Z,3.77211e+00,-3.26115e+00,-1.15477e+00,5.11834e+00
2024-01-01T00:00:29.875931047Z,3.78525e+00,-3.26063e+00,-1.17114e+00,5.13141e+00
2024-01-01T00:00:29.938431969Z,3.77968e+00,-3.27238e+00,-1.17361e+00,5.13535e+00
2024-01-01T00:00:30.000932890Z,3.76917e+00,-3.27286e+00,-1.16145e+00,5.12515e+00
2024-01-01T00:00:30.063433812Z,3.78199e+00,-3.27402e+00,-1.20091e+00,5.14440e+00
2024-01-01T00:00:30.125934734Z,3.77662e+00,-3.26550e+00,-1.19283e+00,5.13315e+00
2024-01-01T00:00:30.188435656Z,3.79684e+00,-3.28379e+00,-1.18170e+00,5.15710e+00
2024-01-01T00:00:30.250936578Z,3.79508e+00,-3.26364e+00,-1.17959e+00,5.14251e+00
2024-01-01T00:00:30.313437500Z,3.79347e+00,-3.26510e+00,-1.16179e+00,5.13820e+00
2024-01-01T00:00:30.375938422Z,3.79194e+00,-3.27254e+00,-1.16421e+00,5.14234e+00
2024-01-01T00:00:30.438439343Z,3.81876e+00,-3.27166e+00,-1.15199e+00,5.15885e+00
2024-01-01T00:00:30.500940265Z,3.82873e+00,-3.27443e+00,-1.16904e+00,5.17182e+00
2024-01-01T00:00:30.563441187Z,3.81973e+00,-3.26026e+00,-1.17859e+00,5.15837e+00
2024-01-01T00:00:30.625942109Z,3.82248e+00,-3.28030e+00,-1.16731e+00,5.17053e+00
2024-01-01T00:00:30.688443031Z,3.83094e+00,-3.25924e+00,-1.17267e+00,5.16468e+00
2024-01-01T00:00:30.750943953Z,3.82817e+00,-3.25873e+00,-1.15560e+00,5.15845e+00
2024-01-01T00:00:30.813444875Z,3.83157e+00,-3.25788e+00,-1.16805e+00,5.16324e+00
2024-01-01T00:00:30.875945796Z,3.81960e+00,-3.22820e+00,-1.17298e+00,5.13677e+00
2024-01-01T00:00:30.938446718Z,3.81876e+00,-3.23583e+00,-1.16414e+00,5.13895e+00
2024-01-01T00:00:31.000947640Z,3.81595e+00,-3.23764e+00,-1.17619e+00,5.14074e+00
2024-01-01T00:00:31.063448562Z,3.82352e+00,-3.23618e+00,-1.16966e+00,5.14395e+00
2024-01-01T00:00:31.125949484Z,3.82931e+00,-3.24645e+00,-1.19541e+00,5.16062e+00
2024-01-01T00:00:31.188450406Z,3.83995e+00,-3.24965e+00,-1.20117e+00,5.17187e+00
2024-01-01T00:00:31.250951328Z,3.83992e+00,-3.26702e+00,-1.20752e+00,5.18425e+00
2024-01-01T00:00:31.313452250Z,3.84705e+00,-3.24090e+00,-1.21150e+00,5.17407e+00
2024-01-01T00:00:31.375953171Z,3.83046e+00,-3.23398e+00,-1.22945e+00,5.16164e+00
2024-01-01T00:00:31.438454093Z,3.82680e+00,-3.24811e+00,-1.23543e+00,5.16923e+00
2024-01-01T00:00:31.500955015Z,3.85219e+00,-3.25120e+00,-1.21580e+00,5.18535e+00
2024-01-01T00:00:31.563455937Z,3.82150e+00,-3.23869e+00,-1.22767e+00,5.15753e+00
2024-01-01T00:00:31.625956859Z,3.82311e+00,-3.24622e+00,-1.24284e+00,5.16709e+00
2024-01-01T00:00:31.688457781Z,3.81819e+00,-3.27217e+00,-1.23371e+00,5.17762e+00
2024-01-01T00:00:31.750958703Z,3.81284e+00,-3.27524e+00,-1.22415e+00,5.17334e+00
2024-01-01T00:00:31.813459624Z,3.82146e+00,-3.27420e+00,-1.21437e+00,5.17674e+00
2024-01-01T00:00:31.875960546Z,3.83042e+00,-3.28217e+00,-1.20270e+00,5.18567e+00
2024-01-01T00:00:31.938461468Z,3.81563e+00,-3.28038e+00,-1.21052e+00,5.17545e+00
2024-01-01T00:00:32.000962390Z,3.81681e+00,-3.31343e+00,-1.24499e+00,5.20546e+00
2024-01-01T00:00:32.063463312Z,3.80812e+00,-3.29900e+00,-1.23885e+00,5.18845e+00
2024-01-01T00:00:32.125964234Z,3.80452e+00,-3.29362e+00,-1.24724e+00,5.18439e+00
2024-01-01T00:00:32.188465156Z,3.79502e+00,-3.29046e+00,-1.24519e+00,5.17492e+00
2024-01-01T00:00:32.250966077Z,3.76607e+00,-3.28237e+00,-1.23579e+00,5.14630e+00
2024-01-01T00:00:32.313466999Z,3.77461e+00,-3.28611e+00,-1.22687e+00,5.15281e+00
2024-01-01T00:00:32.375967921Z,3.75253e+00,-3.31127e+00,-1.19011e+00,5.14416e+00
2024-01-01T00:00:32.438468843Z,3.72801e+00,-3.31389e+00,-1.19212e+00,5.12846e+00
2024-01-01T00:00:32.500969765Z,3.72050e+00,-3.30708e+00,-1.20512e+00,5.12165e+00
2024-01-01T00:00:32.563470687Z,3.71761e+00,-3.31857e+00,-1.20151e+00,5.12613e+00
2024-01-01T00:00:32.625971609Z,3.72738e+00,-3.31868e+00,-1.18242e+00,5.12885e+00
2024-01-01T00:00:32.688472531Z,3.73843e+00,-3.30800e+00,-1.17635e+00,5.12859e+00
2024-01-01T00:00:32.750973452Z,3.74593e+00,-3.30414e+00,-1.17213e+00,5.13061e+00
2024-01-01T00:00:32.813474374Z,3.73928e+00,-3.31559e+00,-1.17824e+00,5.13455e+00
2024-01-01T00:00:32.875975296Z,3.72675e+00,-3.30046e+00,-1.19774e+00,5.12018e+00
2024-01-01T00:00:32.938476218Z,3.72145e+00,-3.30219e+00,-1.18566e+00,5.11463e+00
2024-01-01T00:00:33.000977140Z,3.72378e+00,-3.28494e+00,-1.21813e+00,5.11285e+00
2024-01-01T00:00:33.063478062Z,3.70793e+00,-3.30282e+00,-1.21457e+00,5.11200e+00
2024-01-01T00:00:33.125978984Z,3.71780e+00,-3.29545e+00,-1.19222e+00,5.10915e+00
2024-01-01T00:00:33.188479905Z,3.72149e+00,-3.28968e+00,-1.18558e+00,5.10657e+00
2024-01-01T00:00:33.250980827Z,3.72424e+00,-3.30020e+00,-1.18305e+00,5.11477e+00
2024-01-01T00:00:33.313481749Z,3.71228e+00,-3.28989e+00,-1.18238e+00,5.09926e+00
2024-01-01T00:00:33.375982671Z,3.71065e+00,-3.29966e+00,-1.16341e+00,5.10001e+00
2024-01-01T00:00:33.438483593Z,3.73558e+00,-3.30595e+00,-1.14910e+00,5.11901e+00
2024-01-01T00:00:33.500984515Z,3.71550e+00,-3.30921e+00,-1.12483e+00,5.10109e+00
2024-01-01T00:00:33.563485437Z,3.70587e+00,-3.30633e+00,-1.12128e+00,5.09142e+00
2024-01-01T00:00:33.625986359Z,3.71762e+00,-3.31485e+00,-1.12118e+00,5.10548e+00
2024-01-01T00:00:33.688487280Z,3.70724e+00,-3.30595e+00,-1.12253e+00,5.09245e+00
2024-01-01T00:00:33.750988202Z,3.74563e+00,-3.32410e+00,-1.09598e+00,5.12646e+00
2024-01-01T00:00:33.813489124Z,3.73903e+00,-3.31990e+00,-1.11569e+00,5.12317e+00
2024-01-01T00:00:33.875990046Z,3.72109e+00,-3.33603e+00,-1.13180e+00,5.12412e+00
2024-01-01T00:00:33.938490968Z,3.72017e+00,-3.33193e+00,-1.10654e+00,5.11526e+00
2024-01-01T00:00:34.000991890Z,3.72553e+00,-3.31918e+00,-1.09369e+00,5.10810e+00
2024-01-01T00:00:34.063492812Z,3.73593e+00,-3.32768e+00,-1.09538e+00,5.12157e+00
2024-01-01T00:00:34.125993733Z,3.73685e+00,-3.30644e+00,-1.08217e+00,5.10566e+00
2024-01-01T00:00:34.188494655Z,3.71060e+00,-3.31778e+00,-1.07045e+00,5.09137e+00
2024-01-01T00:00:34.250995577Z,3.70502e+00,-3.33265e+00,-1.08621e+00,5.10036e+00
2024-01-01T00:00:34.313496499Z,3.69960e+00,-3.32740e+00,-1.07769e+00,5.09117e+00
2024-01-01T00:00:34.375997421Z,3.70516e+00,-3.32124e+00,-1.08696e+00,5.09316e+00
2024-01-01T00:00:34.438498343Z,3.71083e+00,-3.30998e+00,-1.08513e+00,5.08957e+00
2024-01-01T00:00:34.500999265Z,3.70508e+00,-3.33684e+00,-1.06061e+00,5.09775e+00
2024-01-01T00:00:34.563500186Z,3.68538e+00,-3.33332e+00,-1.05619e+00,5.08021e+00
2024-01-01T00:00:34.626001108Z,3.67834e+00,-3.31617e+00,-1.07263e+00,5.06732e+00
2024-01-01T00:00:34.688502030Z,3.66775e+00,-3.31206e+00,-1.06877e+00,5.05613e+00
2024-01-01T00:00:34.751002952Z,3.65758e+00,-3.32456e+00,-1.07807e+00,5.05893e+00
2024-01-01T00:00:34.813503874Z,3.65980e+00,-3.32972e+00,-1.09214e+00,5.06695e+00
2024-01-01T00:00:34.876004796Z,3.66901e+00,-3.33201e+00,-1.10359e+00,5.07759e+00
2024-01-01T00:00:34.938505718Z,3.65996e+00,-3.32441e+00,-1.10985e+00,5.06743e+00
2024-01-01T00:00:35.001006640Z,3.65841e+00,-3.33341e+00,-1.09749e+00,5.06952e+00
2024-01-01T00:00:35.063507561Z,3.66287e+00,-3.36346e+00,-1.09158e+00,5.09127e+00
2024-01-01T00:00:35.126008483Z,3.63169e+00,-3.36542e+00,-1.07634e+00,5.06692e+00
2024-01-01T00:00:35.188509405Z,3.62635e+00,-3.35352e+00,-1.04957e+00,5.04957e+00
2024-01-01T00:00:35.251010327Z,3.63999e+00,-3.36301e+00,-1.05320e+00,5.06642e+00
2024-01-01T00:00:35.313511249Z,3.65200e+00,-3.36567e+00,-1.04362e+00,5.07484e+00
2024-01-01T00:00:35.376012171Z,3.62644e+00,-3.37026e+00,-1.01563e+00,5.05383e+00
2024-01-01T00:00:35.438513093Z,3.62425e+00,-3.40022e+00,-1.00420e+00,5.07002e+00
2024-01-01T00:00:35.501014014Z,3.63228e+00,-3.41324e+00,-9.96380e-01,5.08295e+00
2024-01-01T00:00:35.563514936Z,3.62565e+00,-3.39804e+00,-9.75552e-01,5.06396e+00
2024-01-01T00:00:35.626015858Z,3.62693e+00,-3.39587e+00,-9.54210e-01,5.05935e+00
2024-01-01T00:00:35.688516780Z,3.60772e+00,-3.40562e+00,-9.50757e-01,5.05152e+00
2024-01-01T00:00:35.751017702Z,3.60813e+00,-3.40420e+00,-9.60558e-01,5.05271e+00
2024-01-01T00:00:35.813518624Z,3.62152e+00,-3.43667e+00,-9.60071e-01,5.08408e+00
2024-01-01T00:00:35.876019546Z,3.63660e+00,-3.42138e+00,-9.46586e-01,5.08200e+00
2024-01-01T00:00:35.938520467Z,3.65179e+00,-3.45037e+00,-9.51211e-01,5.11325e+00
2024-01-01T00:00:36.001021389Z,3.65316e+00,-3.45735e+00,-9.31861e-01,5.11539e+00
2024-01-01T00:00:36.063522311Z,3.63197e+00,-3.45228e+00,-9.16211e-01,5.09401e+00
2024-01-01T00:00:36.126023233Z,3.63869e+00,-3.46603e+00,-9.07237e-01,5.10651e+00
2024-01-01T00:00:36.188524155Z,3.63483e+00,-3.48219e+00,-8.91596e-01,5.11201e+00
2024-01-01T00:00:36.251025077Z,3.63692e+00,-3.49054e+00,-8.83353e-01,5.11775e+00
2024-01-01T00:00:36.313525999Z,3.62555e+00,-3.46430e+00,-8.77385e-01,5.09075e+00
2024-01-01T00:00:36.376026921Z,3.62310e+00,-3.46950e+00,-8.84990e-01,5.09387e+00
2024-01-01T00:00:36.438527842Z,3.63031e+00,-3.47871e+00,-8.74033e-01,5.10338e+00
2024-01-01T00:00:36.501028764Z,3.63125e+00,-3.49055e+00,-8.48620e-01,5.10785e+00
2024-01-01T00:00:36.563529686Z,3.63289e+00,-3.49193e+00,-8.36350e-01,5.10793e+00
2024-01-01T00:00:36.626030608Z,3.64125e+00,-3.48386e+00,-8.37568e-01,5.10857e+00
2024-01-01T00:00:36.688531530Z,3.62517e+00,-3.47968e+00,-8.21286e-01,5.09162e+00
2024-01-01T00:00:36.751032452Z,3.62030e+00,-3.50039e+00,-7.62334e-01,5.09318e+00
2024-01-01T00:00:36.813533374Z,3.61572e+00,-3.53412e+00,-7.23498e-01,5.10753e+00
2024-01-01T00:00:36.876034295Z,3.63192e+00,-3.53539e+00,-7.09059e-01,5.11787e+00
2024-01-01T00:00:36.938535217Z,3.63583e+00,-3.55270e+00,-6.90869e-01,5.13013e+00
2024-01-01T00:00:37.001036139Z,3.61011e+00,-3.55939e+00,-6.87151e-01,5.11608e+00
2024-01-01T00:00:37.063537061Z,3.59888e+00,-3.56563e+00,-6.50052e-01,5.10766e+00
2024-01-01T00:00:37.126037983Z,3.59307e+00,-3.54514e+00,-6.44536e-01,5.08857e+00
2024-01-01T00:00:37.188538905Z,3.56351e+00,-3.53824e+00,-6.41708e-01,5.06256e+00
2024-01-01T00:00:37.251039827Z,3.55184e+00,-3.53391e+00,-6.07687e-01,5.04711e+00
2024-01-01T00:00:37.313540748Z,3.57618e+00,-3.54433e+00,-6.10825e-01,5.07193e+00
2024-01-01T00:00:37.376041670Z,3.58049e+00,-3.55328e+00,-6.04823e-01,5.08051e+00
2024-01-01T00:00:37.438542592Z,3.56840e+00,-3.56010e+00,-6.08006e-01,5.07715e+00
2024-01-01T00:00:37.501043514Z,3.56940e+00,-3.55924e+00,-5.94838e-01,5.07569e+00
2024-01-01T00:00:37.563544436Z,3.58119e+00,-3.54911e+00,-5.86320e-01,5.07591e+00
2024-01-01T00:00:37.626045358Z,3.57606e+00,-3.55074e+00,-5.74850e-01,5.07212e+00
2024-01-01T00:00:37.688546280Z,3.58867e+00,-3.55278e+00,-5.73395e-01,5.08228e+00
2024-01-01T00:00:37.751047202Z,3.59046e+00,-3.56716e+00,-5.67305e-01,5.09292e+00
2024-01-01T00:00:37.813548123Z,3.59046e+00,-3.56225e+00,-5.78306e-01,5.09073e+00
2024-01-01T00:00:37.876049045Z,3.60919e+00,-3.56454e+00,-5.81224e-01,5.10588e+00
2024-01-01T00:00:37.938549967Z,3.61711e+00,-3.55869e+00,-5.65507e-01,5.10564e+00
2024-01-01T00:00:38.001050889Z,3.61768e+00,-3.54994e+00,-5.62508e-01,5.09962e+00
2024-01-01T00:00:38.063551811Z,3.61317e+00,-3.54239e+00,-5.67306e-01,5.09170e+00
2024-01-01T00:00:38.126052733Z,3.61606e+00,-3.55583e+00,-5.86506e-01,5.10527e+00
2024-01-01T00:00:38.188553655Z,3.62703e+00,-3.53447e+00,-5.95204e-01,5.09922e+00
2024-01-01T00:00:38.251054576Z,3.62841e+00,-3.56261e+00,-6.00216e-01,5.12033e+00
2024-01-01T00:00:38.313555498Z,3.61419e+00,-3.56421e+00,-6.02545e-01,5.11166e+00
2024-01-01T00:00:38.376056420Z,3.60648e+00,-3.54023e+00,-5.66097e-01,5.08531e+00
2024-01-01T00:00:38.438557342Z,3.61209e+00,-3.54419e+00,-5.42305e-01,5.08946e+00
2024-01-01T00:00:38.501058264Z,3.60507e+00,-3.54488e+00,-5.54120e-01,5.08623e+00
2024-01-01T00:00:38.563559186Z,3.60153e+00,-3.53974e+00,-5.60118e-01,5.08080e+00
2024-01-01T00:00:38.626060108Z,3.60337e+00,-3.52477e+00,-5.45319e-01,5.07007e+00
2024-01-01T00:00:38.688561030Z,3.60409e+00,-3.52959e+00,-5.43484e-01,5.07374e+00
2024-01-01T00:00:38.751061951Z,3.59377e+00,-3.54412e+00,-5.39081e-01,5.07608e+00
2024-01-01T00:00:38.813562873Z,3.60701e+00,-3.53598e+00,-5.30905e-01,5.07893e+00
2024-01-01T00:00:38.876063795Z,3.59924e+00,-3.53177e+00,-5.19702e-01,5.06932e+00
2024-01-01T00:00:38.938564717Z,3.60724e+00,-3.53705e+00,-5.33386e-01,5.08010e+00
2024-01-01T00:00:39.001065639Z,3.61708e+00,-3.53388e+00,-5.30108e-01,5.08454e+00
2024-01-01T00:00:39.063566561Z,3.60980e+00,-3.53571e+00,-5.28026e-01,5.08042e+00
2024-01-01T00:00:39.126067483Z,3.61368e+00,-3.54780e+00,-5.47582e-01,5.09367e+00
2024-01-01T00:00:39.188568404Z,3.59512e+00,-3.57850e+00,-5.72073e-01,5.10469e+00
2024-01-01T00:00:39.251069326Z,3.60389e+00,-3.57264e+00,-5.82918e-01,5.10799e+00
2024-01-01T00:00:39.313570248Z,3.60047e+00,-3.56312e+00,-5.87190e-01,5.09941e+00
2024-01-01T00:00:39.376071170Z,3.57665e+00,-3.58423e+00,-5.90442e-01,5.09782e+00
2024-01-01T00:00:39.438572092Z,3.56579e+00,-3.56816e+00,-6.08524e-01,5.08103e+00
2024-01-01T00:00:39.501073014Z,3.55433e+00,-3.57764e+00,-6.20494e-01,5.08112e+00
2024-01-01T00:00:39.563573936Z,3.55035e+00,-3.58834e+00,-6.11714e-01,5.08482e+00
2024-01-01T00:00:39.626074857Z,3.55183e+00,-3.56598e+00,-5.92242e-01,5.06779e+00
2024-01-01T00:00:39.688575779Z,3.54838e+00,-3.56258e+00,-6.02683e-01,5.06421e+00
2024-01-01T00:00:39.751076701Z,3.53067e+00,-3.56984e+00,-5.98403e-01,5.05643e+00
2024-01-01T00:00:39.813577623Z,3.53764e+00,-3.58479e+00,-5.98259e-01,5.07184e+00
2024-01-01T00:00:39.876078545Z,3.53480e+00,-3.60446e+00,-6.06742e-01,5.08479e+00
2024-01-01T00:00:39.938579467Z,3.53954e+00,-3.60112e+00,-6.06593e-01,5.08570e+00
2024-01-01T00:00:40.001080389Z,3.54176e+00,-3.58706e+00,-5.99339e-01,5.07645e+00
2024-01-01T00:00:40.063581311Z,3.53593e+00,-3.59015e+00,-5.94736e-01,5.07402e+00
2024-01-01T00:00:40.126082232Z,3.55265e+00,-3.57664e+00,-5.97208e-01,5.07645e+00
2024-01-01T00:00:40.188583154Z,3.53608e+00,-3.58191e+00,-5.94197e-01,5.06824e+00
2024-01-01T00:00:40.251084076Z,3.52887e+00,-3.59313e+00,-6.16753e-01,5.07384e+00
2024-01-01T00:00:40.313584998Z,3.51403e+00,-3.61115e+00,-6.13867e-01,5.07599e+00
2024-01-01T00:00:40.376085920Z,3.51113e+00,-3.61374e+00,-6.22607e-01,5.07689e+00
2024-01-01T00:00:40.438586842Z,3.51360e+00,-3.60293e+00,-6.07486e-01,5.06908e+00
2024-01-01T00:00:40.501087764Z,3.50183e+00,-3.59620e+00,-6.26973e-01,5.05851e+00
2024-01-01T00:00:40.563588685Z,3.51254e+00,-3.60829e+00,-6.14240e-01,5.07296e+00
2024-01-01T00:00:40.626089607Z,3.51262e+00,-3.62063e+00,-6.03098e-01,5.08047e+00
2024-01-01T00:00:40.688590529Z,3.49906e+00,-3.62404e+00,-5.83377e-01,5.07124e+00
2024-01-01T00:00:40.751091451Z,3.48839e+00,-3.61327e+00,-5.79900e-01,5.05578e+00
2024-01-01T00:00:40.813592373Z,3.49842e+00,-3.62178e+00,-5.85347e-01,5.06940e+00
2024-01-01T00:00:40.876093295Z,3.49326e+00,-3.61891e+00,-5.92204e-01,5.06459e+00
2024-01-01T00:00:40.938594217Z,3.49468e+00,-3.62508e+00,-5.95339e-01,5.07034e+00
2024-01-01T00:00:41.001095138Z,3.48571e+00,-3.63631e+00,-5.99085e-01,5.07265e+00
2024-01-01T00:00:41.063596060Z,3.48489e+00,-3.63515e+00,-5.99166e-01,5.07127e+00
2024-01-01T00:00:41.126096982Z,3.47362e+00,-3.62117e+00,-6.15930e-01,5.05552e+00
2024-01-01T00:00:41.188597904Z,3.48177e+00,-3.64323e+00,-6.11422e-01,5.07639e+00
2024-01-01T00:00:41.251098826Z,3.48578e+00,-3.64223e+00,-6.05743e-01,5.07774e+00
2024-01-01T00:00:41.313599748Z,3.48439e+00,-3.63375e+00,-6.07905e-01,5.07096e+00
2024-01-01T00:00:41.376100670Z,3.48051e+00,-3.65068e+00,-5.93948e-01,5.07879e+00
2024-01-01T00:00:41.438601592Z,3.48362e+00,-3.65508e+00,-5.95360e-01,5.08426e+00
2024-01-01T00:00:41.501102513Z,3.48025e+00,-3.63403e+00,-5.92464e-01,5.06649e+00
2024-01-01T00:00:41.563603435Z,3.47513e+00,-3.62883e+00,-6.00614e-01,5.06021e+00
2024-01-01T00:00:41.626104357Z,3.48025e+00,-3.62307e+00,-6.11199e-01,5.06086e+00
2024-01-01T00:00:41.688605279Z,3.48059e+00,-3.64905e+00,-5.92553e-01,5.07752e+00
2024-01-01T00:00:41.751106201Z,3.50180e+00,-3.64621e+00,-5.89750e-01,5.08972e+00
2024-01-01T00:00:41.813607123Z,3.48978e+00,-3.61697e+00,-6.00666e-01,5.06180e+00
2024-01-01T00:00:41.876108045Z,3.47828e+00,-3.63601e+00,-5.87658e-01,5.06600e+00
2024-01-01T00:00:41.938608966Z,3.47717e+00,-3.63317e+00,-5.76012e-01,5.06186e+00
2024-01-01T00:00:42.001109888Z,3.46687e+00,-3.62783e+00,-5.74077e-01,5.05074e+00
2024-01-01T00:00:42.063610810Z,3.47485e+00,-3.64225e+00,-5.82000e-01,5.06747e+00
2024-01-01T00:00:42.126111732Z,3.46912e+00,-3.63383e+00,-5.69218e-01,5.05604e+00
2024-01-01T00:00:42.188612654Z,3.46700e+00,-3.63590e+00,-5.59661e-01,5.05501e+00
2024-01-01T00:00:42.251113576Z,3.45596e+00,-3.63410e+00,-5.48763e-01,5.04495e+00
2024-01-01T00:00:42.313614498Z,3.46058e+00,-3.64329e+00,-5.64681e-01,5.05648e+00
2024-01-01T00:00:42.376115420Z,3.48090e+00,-3.65111e+00,-5.63120e-01,5.07586e+00
2024-01-01T00:00:42.438616341Z,3.46530e+00,-3.66474e+00,-5.57236e-01,5.07436e+00
2024-01-01T00:00:42.501117263Z,3.45096e+00,-3.66504e+00,-5.49341e-01,5.06393e+00
2024-01-01T00:00:42.563618185Z,3.43817e+00,-3.67099e+00,-5.41564e-01,5.05871e+00
2024-01-01T00:00:42.626119107Z,3.45378e+00,-3.67755e+00,-5.58012e-01,5.07586e+00
2024-01-01T00:00:42.688620029Z,3.43536e+00,-3.68598e+00,-5.58133e-01,5.06949e+00
2024-01-01T00:00:42.751120951Z,3.44026e+00,-3.68296e+00,-5.45005e-01,5.06918e+00
2024-01-01T00:00:42.813621873Z,3.43898e+00,-3.66499e+00,-5.35576e-01,5.05426e+00
2024-01-01T00:00:42.876122794Z,3.44696e+00,-3.66747e+00,-5.32692e-01,5.06119e+00
2024-01-01T00:00:42.938623716Z,3.46054e+00,-3.66178e+00,-5.27966e-01,5.06584e+00
2024-01-01T00:00:43.001124638Z,3.44408e+00,-3.68823e+00,-5.11326e-01,5.07209e+00
2024-01-01T00:00:43.063625560Z,3.44391e+00,-3.67602e+00,-5.12103e-01,5.06319e+00
2024-01-01T00:00:43.126126482Z,3.44373e+00,-3.66394e+00,-5.00830e-01,5.05317e+00
2024-01-01T00:00:43.188627404Z,3.44279e+00,-3.66999e+00,-4.91710e-01,5.05603e+00
2024-01-01T00:00:43.251128326Z,3.43805e+00,-3.67007e+00,-4.82415e-01,5.05196e+00
2024-01-01T00:00:43.313629247Z,3.45880e+00,-3.67709e+00,-4.76170e-01,5.07060e+00
2024-01-01T00:00:43.376130169Z,3.46124e+00,-3.67563e+00,-4.77221e-01,5.07131e+00
2024-01-01T00:00:43.438631091Z,3.45572e+00,-3.67707e+00,-4.62938e-01,5.06726e+00
2024-01-01T00:00:43.501132013Z,3.45654e+00,-3.68564e+00,-4.71100e-01,5.07479e+00
2024-01-01T00:00:43.563632935Z,3.47097e+00,-3.65408e+00,-4.59273e-01,5.06072e+00
2024-01-01T00:00:43.626133857Z,3.46544e+00,-3.65391e+00,-4.62109e-01,5.05706e+00
2024-01-01T00:00:43.688634779Z,3.46834e+00,-3.66756e+00,-4.77492e-01,5.07035e+00
2024-01-01T00:00:43.751135701Z,3.48234e+00,-3.64039e+00,-4.77781e-01,5.06038e+00
2024-01-01T00:00:43.813636622Z,3.49257e+00,-3.65849e+00,-4.75429e-01,5.08022e+00
2024-01-01T00:00:43.876137544Z,3.49414e+00,-3.65107e+00,-4.59409e-01,5.07448e+00
2024-01-01T00:00:43.938638466Z,3.47247e+00,-3.64867e+00,-4.60677e-01,5.05796e+00
2024-01-01T00:00:44.001139388Z,3.46821e+00,-3.64986e+00,-4.64668e-01,5.05627e+00
2024-01-01T00:00:44.063640310Z,3.47674e+00,-3.64219e+00,-4.79102e-01,5.05794e+00
2024-01-01T00:00:44.126141232Z,3.48494e+00,-3.63881e+00,-4.43319e-01,5.05790e+00
2024-01-01T00:00:44.188642154Z,3.47903e+00,-3.62547e+00,-4.20957e-01,5.04231e+00
2024-01-01T00:00:44.251143075Z,3.46860e+00,-3.64111e+00,-4.33996e-01,5.04750e+00
2024-01-01T00:00:44.313643997Z,3.46004e+00,-3.64719e+00,-4.30911e-01,5.04575e+00
2024-01-01T00:00:44.376144919Z,3.45813e+00,-3.65805e+00,-4.34190e-01,5.05257e+00
2024-01-01T00:00:44.438645841Z,3.46826e+00,-3.65297e+00,-4.16612e-01,5.05436e+00
2024-01-01T00:00:44.501146763Z,3.48165e+00,-3.66709e+00,-4.08488e-01,5.07309e+00
2024-01-01T00:00:44.563647685Z,3.47139e+00,-3.68079e+00,-3.97453e-01,5.07511e+00
2024-01-01T00:00:44.626148607Z,3.48670e+00,-3.68688e+00,-3.83289e-01,5.08892e+00
2024-01-01T00:00:44.688649528Z,3.47752e+00,-3.69133e+00,-3.90284e-01,5.08639e+00
2024-01-01T00:00:44.751150450Z,3.47086e+00,-3.68822e+00,-4.04309e-01,5.08068e+00
2024-01-01T00:00:44.813651372Z,3.48467e+00,-3.69733e+00,-3.95194e-01,5.09601e+00
2024-01-01T00:00:44.876152294Z,3.50672e+00,-3.69174e+00,-3.79150e-01,5.10586e+00
2024-01-01T00:00:44.938653216Z,3.50320e+00,-3.68196e+00,-3.90198e-01,5.09720e+00
2024-01-01T00:00:45.001154138Z,3.51283e+00,-3.65470e+00,-4.01486e-01,5.08507e+00
2024-01-01T00:00:45.063655060Z,3.54630e+00,-3.65570e+00,-4.13166e-01,5.10991e+00
2024-01-01T00:00:45.126155982Z,3.54116e+00,-3.65734e+00,-4.18311e-01,5.10793e+00
2024-01-01T00:00:45.188656903Z,3.53316e+00,-3.66130e+00,-4.06291e-01,5.10425e+00
2024-01-01T00:00:45.251157825Z,3.53759e+00,-3.65433e+00,-3.98610e-01,5.10172e+00
2024-01-01T00:00:45.313658747Z,3.52482e+00,-3.64125e+00,-4.08235e-01,5.08426e+00
2024-01-01T00:00:45.376159669Z,3.54403e+00,-3.64270e+00,-4.06323e-01,5.09848e+00
2024-01-01T00:00:45.438660591Z,3.53929e+00,-3.64036e+00,-3.92323e-01,5.09242e+00
2024-01-01T00:00:45.501161513Z,3.55082e+00,-3.61866e+00,-4.02776e-01,5.08579e+00
2024-01-01T00:00:45.563662435Z,3.53987e+00,-3.61720e+00,-4.00603e-01,5.07694e+00
2024-01-01T00:00:45.626163356Z,3.54628e+00,-3.62202e+00,-4.04280e-01,5.08513e+00
2024-01-01T00:00:45.688664278Z,3.54442e+00,-3.63199e+00,-3.86597e-01,5.08957e+00
2024-01-01T00:00:45.751165200Z,3.54874e+00,-3.64189e+00,-3.82245e-01,5.09931e+00
2024-01-01T00:00:45.813666122Z,3.55518e+00,-3.64237e+00,-3.92894e-01,5.10495e+00
2024-01-01T00:00:45.876167044Z,3.54267e+00,-3.63199e+00,-3.98528e-01,5.08927e+00
2024-01-01T00:00:45.938667966Z,3.54036e+00,-3.62329e+00,-4.01596e-01,5.08170e+00
2024-01-01T00:00:46.001168888Z,3.53195e+00,-3.63264e+00,-4.23853e-01,5.08433e+00
2024-01-01T00:00:46.063669809Z,3.54122e+00,-3.61918e+00,-4.20269e-01,5.08088e+00
2024-01-01T00:00:46.126170731Z,3.53681e+00,-3.62892e+00,-4.09511e-01,5.08387e+00
2024-01-01T00:00:46.188671653Z,3.53551e+00,-3.62636e+00,-3.90597e-01,5.07965e+00
2024-01-01T00:00:46.251172575Z,3.53332e+00,-3.62144e+00,-3.77626e-01,5.07364e+00
2024-01-01T00:00:46.313673497Z,3.51969e+00,-3.63314e+00,-3.68509e-01,5.07186e+00
2024-01-01T00:00:46.376174419Z,3.51767e+00,-3.62250e+00,-3.57428e-01,5.06204e+00
2024-01-01T00:00:46.438675341Z,3.52797e+00,-3.65378e+00,-3.24588e-01,5.08941e+00
2024-01-01T00:00:46.501176263Z,3.51983e+00,-3.65189e+00,-3.24468e-01,5.08240e+00
2024-01-01T00:00:46.563677184Z,3.52269e+00,-3.64995e+00,-3.05711e-01,5.08182e+00
2024-01-01T00:00:46.626178106Z,3.53595e+00,-3.64509e+00,-3.15510e-01,5.08814e+00
2024-01-01T00:00:46.688679028Z,3.52043e+00,-3.62979e+00,-2.86595e-01,5.06467e+00
2024-01-01T00:00:46.751179950Z,3.52046e+00,-3.64161e+00,-2.63949e-01,5.07195e+00
2024-01-01T00:00:46.813680872Z,3.51111e+00,-3.64265e+00,-2.49702e-01,5.06549e+00
2024-01-01T00:00:46.876181794Z,3.51406e+00,-3.65882e+00,-2.32292e-01,5.07834e+00
2024-01-01T00:00:46.938682716Z,3.51584e+00,-3.65306e+00,-2.31460e-01,5.07539e+00
2024-01-01T00:00:47.001183637Z,3.49761e+00,-3.67872e+00,-2.21318e-01,5.08088e+00
2024-01-01T00:00:47.063684559Z,3.49770e+00,-3.69416e+00,-2.15807e-01,5.09189e+00
2024-01-01T00:00:47.126185481Z,3.49318e+00,-3.66942e+00,-2.12232e-01,5.07070e+00
2024-01-01T00:00:47.188686403Z,3.50583e+00,-3.69255e+00,-1.90347e-01,5.09529e+00
2024-01-01T00:00:47.251187325Z,3.48553e+00,-3.68634e+00,-1.94454e-01,5.07699e+00
2024-01-01T00:00:47.313688247Z,3.49544e+00,-3.67933e+00,-2.00942e-01,5.07898e+00
2024-01-01T00:00:47.376189169Z,3.49356e+00,-3.70246e+00,-1.75332e-01,5.09352e+00
2024-01-01T00:00:47.438690091Z,3.50020e+00,-3.68864e+00,-1.71437e-01,5.08791e+00
2024-01-01T00:00:47.501191012Z,3.48983e+00,-3.70161e+00,-1.53222e-01,5.08963e+00
2024-01-01T00:00:47.563691934Z,3.50034e+00,-3.69998e+00,-1.70878e-01,5.09622e+00
2024-01-01T00:00:47.626192856Z,3.49363e+00,-3.72035e+00,-1.75101e-01,5.10658e+00
2024-01-01T00:00:47.688693778Z,3.49372e+00,-3.70396e+00,-1.68765e-01,5.09450e+00
2024-01-01T00:00:47.751194700Z,3.49065e+00,-3.69428e+00,-1.79509e-01,5.08572e+00
2024-01-01T00:00:47.813695622Z,3.49643e+00,-3.71495e+00,-1.74237e-01,5.10453e+00
2024-01-01T00:00:47.876196544Z,3.50644e+00,-3.71594e+00,-1.76772e-01,5.11220e+00
2024-01-01T00:00:47.938697465Z,3.49636e+00,-3.70886e+00,-1.76112e-01,5.10012e+00
2024-01-01T00:00:48.001198387Z,3.48809e+00,-3.70957e+00,-1.64624e-01,5.09458e+00
2024-01-01T00:00:48.063699309Z,3.49592e+00,-3.70954e+00,-1.60945e-01,5.09981e+00
2024-01-01T00:00:48.126200231Z,3.48889e+00,-3.70967e+00,-1.64557e-01,5.09521e+00
2024-01-01T00:00:48.188701153Z,3.48889e+00,-3.69628e+00,-1.57134e-01,5.08523e+00
2024-01-01T00:00:48.251202075Z,3.50311e+00,-3.72423e+00,-1.61393e-01,5.11544e+00
2024-01-01T00:00:48.313702997Z,3.48949e+00,-3.70971e+00,-1.65289e-01,5.09566e+00
2024-01-01T00:00:48.376203918Z,3.49546e+00,-3.71325e+00,-1.29312e-01,5.10129e+00
2024-01-01T00:00:48.438704840Z,3.51020e+00,-3.73115e+00,-1.13204e-01,5.12404e+00
2024-01-01T00:00:48.501205762Z,3.53630e+00,-3.73276e+00,-1.45605e-01,5.14394e+00
2024-01-01T00:00:48.563706684Z,3.52575e+00,-3.72572e+00,-1.64833e-01,5.13216e+00
2024-01-01T00:00:48.626207606Z,3.54174e+00,-3.71780e+00,-1.80373e-01,5.13795e+00
2024-01-01T00:00:48.688708528Z,3.53878e+00,-3.71818e+00,-1.89050e-01,5.13650e+00
2024-01-01T00:00:48.751209450Z,3.53717e+00,-3.71902e+00,-2.10867e-01,5.13684e+00
2024-01-01T00:00:48.813710372Z,3.55442e+00,-3.70458e+00,-2.18233e-01,5.13862e+00
2024-01-01T00:00:48.876211293Z,3.55722e+00,-3.68733e+00,-2.38842e-01,5.12906e+00
2024-01-01T00:00:48.938712215Z,3.56236e+00,-3.66336e+00,-2.83561e-01,5.11772e+00
2024-01-01T00:00:49.001213137Z,3.55537e+00,-3.64303e+00,-2.85427e-01,5.09841e+00
2024-01-01T00:00:49.063714059Z,3.57530e+00,-3.64976e+00,-2.81263e-01,5.11690e+00
2024-01-01T00:00:49.126214981Z,3.60381e+00,-3.62084e+00,-2.76778e-01,5.11610e+00
2024-01-01T00:00:49.188715903Z,3.59352e+00,-3.61068e+00,-2.92715e-01,5.10256e+00
2024-01-01T00:00:49.251216825Z,3.62575e+00,-3.61641e+00,-3.04254e-01,5.13002e+00
2024-01-01T00:00:49.313717746Z,3.65420e+00,-3.60957e+00,-3.19332e-01,5.14628e+00
2024-01-01T00:00:49.376218668Z,3.65423e+00,-3.58953e+00,-3.19466e-01,5.13227e+00
2024-01-01T00:00:49.438719590Z,3.65602e+00,-3.59859e+00,-3.15262e-01,5.13962e+00
2024-01-01T00:00:49.501220512Z,3.65090e+00,-3.58645e+00,-3.18252e-01,5.12767e+00
2024-01-01T00:00:49.563721434Z,3.64735e+00,-3.58951e+00,-3.39739e-01,5.12866e+00
2024-01-01T00:00:49.626222356Z,3.65036e+00,-3.59226e+00,-3.57536e-01,5.13393e+00
2024-01-01T00:00:49.688723278Z,3.65807e+00,-3.58177e+00,-3.42089e-01,5.13104e+00
2024-01-01T00:00:49.751224199Z,3.64071e+00,-3.58498e+00,-3.47625e-01,5.12130e+00
2024-01-01T00:00:49.813725121Z,3.63550e+00,-3.58400e+00,-3.76879e-01,5.11898e+00
2024-01-01T00:00:49.876226043Z,3.63352e+00,-3.57682e+00,-3.98115e-01,5.11416e+00
2024-01-01T00:00:49.938726965Z,3.63016e+00,-3.57911e+00,-3.85219e-01,5.11239e+00
2024-01-01T00:00:50.001227887Z,3.64369e+00,-3.56655e+00,-4.01150e-01,5.11446e+00
2024-01-01T00:00:50.063728809Z,3.65340e+00,-3.55539e+00,-4.07815e-01,5.11414e+00
2024-01-01T00:00:50.126229731Z,3.63337e+00,-3.55129e+00,-4.14887e-01,5.09757e+00
2024-01-01T00:00:50.188730653Z,3.63567e+00,-3.54696e+00,-4.21210e-01,5.09671e+00
2024-01-01T00:00:50.251231574Z,3.62471e+00,-3.53289e+00,-4.39628e-01,5.08066e+00
2024-01-01T00:00:50.313732496Z,3.61545e+00,-3.54312e+00,-4.28397e-01,5.08022e+00
2024-01-01T00:00:50.376233418Z,3.61723e+00,-3.54047e+00,-4.04450e-01,5.07768e+00
2024-01-01T00:00:50.438734340Z,3.60326e+00,-3.53970e+00,-4.10785e-01,5.06771e+00
2024-01-01T00:00:50.501235262Z,3.58818e+00,-3.54866e+00,-4.30293e-01,5.06490e+00
2024-01-01T00:00:50.563736184Z,3.59015e+00,-3.55070e+00,-4.08375e-01,5.06591e+00
2024-01-01T00:00:50.626237106Z,3.59022e+00,-3.57411e+00,-3.97786e-01,5.08155e+00
2024-01-01T00:00:50.688738027Z,3.57711e+00,-3.58867e+00,-4.10368e-01,5.08357e+00
2024-01-01T00:00:50.751238949Z,3.57399e+00,-3.60985e+00,-3.99477e-01,5.09549e+00
2024-01-01T00:00:50.813739871Z,3.55767e+00,-3.60215e+00,-3.92268e-01,5.07803e+00
2024-01-01T00:00:50.876240793Z,3.56947e+00,-3.62155e+00,-4.00296e-01,5.10068e+00
2024-01-01T00:00:50.938741715Z,3.56975e+00,-3.60918e+00,-4.27168e-01,5.09428e+00
2024-01-01T00:00:51.001242637Z,3.57524e+00,-3.60351e+00,-4.52440e-01,5.09630e+00
2024-01-01T00:00:51.063743559Z,3.57473e+00,-3.61587e+00,-4.38378e-01,5.10346e+00
2024-01-01T00:00:51.126244480Z,3.55568e+00,-3.62075e+00,-4.32085e-01,5.09307e+00
2024-01-01T00:00:51.188745402Z,3.56528e+00,-3.60594e+00,-4.17115e-01,5.08802e+00
2024-01-01T00:00:51.251246324Z,3.54349e+00,-3.61277e+00,-3.85462e-01,5.07513e+00
2024-01-01T00:00:51.313747246Z,3.56347e+00,-3.63004e+00,-3.55506e-01,5.09921e+00
2024-01-01T00:00:51.376248168Z,3.57310e+00,-3.64681e+00,-3.51048e-01,5.11757e+00
2024-01-01T00:00:51.438749090Z,3.54893e+00,-3.63469e+00,-3.38979e-01,5.09124e+00
2024-01-01T00:00:51.501250012Z,3.55053e+00,-3.64086e+00,-3.18699e-01,5.09546e+00
2024-01-01T00:00:51.563750934Z,3.53731e+00,-3.64688e+00,-3.06529e-01,5.08982e+00
2024-01-01T00:00:51.626251855Z,3.55419e+00,-3.63149e+00,-2.96879e-01,5.09001e+00
2024-01-01T00:00:51.688752777Z,3.55769e+00,-3.64226e+00,-2.92814e-01,5.09990e+00
2024-01-01T00:00:51.751253699Z,3.53503e+00,-3.65340e+00,-2.96154e-01,5.09230e+00
2024-01-01T00:00:51.813754621Z,3.54074e+00,-3.64689e+00,-2.66748e-01,5.08997e+00
2024-01-01T00:00:51.876255543Z,3.52443e+00,-3.66598e+00,-2.50404e-01,5.09154e+00
2024-01-01T00:00:51.938756465Z,3.52272e+00,-3.64363e+00,-2.30328e-01,5.07332e+00
2024-01-01T00:00:52.001257387Z,3.52692e+00,-3.65704e+00,-2.20165e-01,5.08543e+00
2024-01-01T00:00:52.063758308Z,3.52556e+00,-3.65872e+00,-2.10469e-01,5.08528e+00
2024-01-01T00:00:52.126259230Z,3.52828e+00,-3.67057e+00,-2.06174e-01,5.09552e+00
2024-01-01T00:00:52.188760152Z,3.52464e+00,-3.68423e+00,-2.01473e-01,5.10267e+00
2024-01-01T00:00:52.251261074Z,3.52195e+00,-3.67148e+00,-1.95456e-01,5.09138e+00
2024-01-01T00:00:52.313761996Z,3.51857e+00,-3.66945e+00,-1.97567e-01,5.08765e+00
2024-01-01T00:00:52.376262918Z,3.50572e+00,-3.67321e+00,-1.96108e-01,5.08144e+00
2024-01-01T00:00:52.438763840Z,3.54110e+00,-3.64516e+00,-1.77159e-01,5.08507e+00
2024-01-01T00:00:52.501264762Z,3.52810e+00,-3.64885e+00,-1.54511e-01,5.07794e+00
2024-01-01T00:00:52.563765683Z,3.52600e+00,-3.67298e+00,-1.70011e-01,5.09434e+00
2024-01-01T00:00:52.626266605Z,3.51927e+00,-3.65637e+00,-1.80695e-01,5.07808e+00
2024-01-01T00:00:52.688767527Z,3.53657e+00,-3.66162e+00,-1.60921e-01,5.09320e+00
2024-01-01T00:00:52.751268449Z,3.53409e+00,-3.65511e+00,-1.74974e-01,5.08726e+00
2024-01-01T00:00:52.813769371Z,3.52084e+00,-3.65081e+00,-1.83315e-01,5.07526e+00
2024-01-01T00:00:52.876270293Z,3.50820e+00,-3.66653e+00,-1.83829e-01,5.07787e+00
2024-01-01T00:00:52.938771215Z,3.49031e+00,-3.66136e+00,-1.86791e-01,5.06188e+00
2024-01-01T00:00:53.001272136Z,3.51200e+00,-3.67570e+00,-1.92445e-01,5.08743e+00
2024-01-01T00:00:53.063773058Z,3.50687e+00,-3.67463e+00,-1.99239e-01,5.08338e+00
2024-01-01T00:00:53.126273980Z,3.51005e+00,-3.68154e+00,-2.17692e-01,5.09132e+00
2024-01-01T00:00:53.188774902Z,3.51958e+00,-3.68041e+00,-2.05247e-01,5.09656e+00
2024-01-01T00:00:53.251275824Z,3.50211e+00,-3.69914e+00,-2.02314e-01,5.09797e+00
2024-01-01T00:00:53.313776746Z,3.50286e+00,-3.69714e+00,-2.01344e-01,5.09700e+00
2024-01-01T00:00:53.376277668Z,3.49299e+00,-3.69603e+00,-2.17810e-01,5.09009e+00
2024-01-01T00:00:53.438778589Z,3.49649e+00,-3.69271e+00,-2.43145e-01,5.09124e+00
2024-01-01T00:00:53.501279511Z,3.48879e+00,-3.68760e+00,-2.33515e-01,5.08179e+00
2024-01-01T00:00:53.563780433Z,3.48494e+00,-3.69831e+00,-2.27254e-01,5.08665e+00
2024-01-01T00:00:53.626281355Z,3.49985e+00,-3.69066e+00,-2.22031e-01,5.09110e+00
2024-01-01T00:00:53.688782277Z,3.47961e+00,-3.69355e+00,-2.04573e-01,5.07857e+00
2024-01-01T00:00:53.751283199Z,3.49325e+00,-3.69954e+00,-2.12421e-01,5.09259e+00
2024-01-01T00:00:53.813784121Z,3.49448e+00,-3.70814e+00,-2.12436e-01,5.09969e+00
2024-01-01T00:00:53.876285043Z,3.49192e+00,-3.70946e+00,-2.10135e-01,5.09880e+00
2024-01-01T00:00:53.938785964Z,3.49501e+00,-3.68227e+00,-2.14048e-01,5.08134e+00
2024-01-01T00:00:54.001286886Z,3.50062e+00,-3.69495e+00,-2.16333e-01,5.09449e+00
2024-01-01T00:00:54.063787808Z,3.50318e+00,-3.70345e+00,-2.30463e-01,5.10303e+00
2024-01-01T00:00:54.126288730Z,3.49298e+00,-3.69814e+00,-2.30615e-01,5.09218e+00
2024-01-01T00:00:54.188789652Z,3.49294e+00,-3.69579e+00,-2.18330e-01,5.08991e+00
2024-01-01T00:00:54.251290574Z,3.49692e+00,-3.70593e+00,-2.17417e-01,5.09997e+00
2024-01-01T00:00:54.313791496Z,3.50795e+00,-3.69185e+00,-2.22863e-01,5.09756e+00
2024-01-01T00:00:54.376292417Z,3.50620e+00,-3.71459e+00,-2.27657e-01,5.11307e+00
2024-01-01T00:00:54.438793339Z,3.49872e+00,-3.70165e+00,-2.05761e-01,5.09760e+00
2024-01-01T00:00:54.501294261Z,3.51520e+00,-3.69692e+00,-1.85392e-01,5.10473e+00
2024-01-01T00:00:54.563795183Z,3.50322e+00,-3.70042e+00,-1.79372e-01,5.09881e+00
2024-01-01T00:00:54.626296105Z,3.49253e+00,-3.68662e+00,-1.68337e-01,5.08107e+00
2024-01-01T00:00:54.688797027Z,3.47890e+00,-3.70137e+00,-1.42109e-01,5.08164e+00
2024-01-01T00:00:54.751297949Z,3.50461e+00,-3.68543e+00,-1.60497e-01,5.08826e+00
2024-01-01T00:00:54.813798870Z,3.48445e+00,-3.69430e+00,-1.56982e-01,5.08073e+00
2024-01-01T00:00:54.876299792Z,3.48763e+00,-3.70035e+00,-1.44832e-01,5.08696e+00
2024-01-01T00:00:54.938800714Z,3.50085e+00,-3.72240e+00,-1.45402e-01,5.11208e+00
2024-01-01T00:00:55.001301636Z,3.48943e+00,-3.69749e+00,-1.64481e-01,5.08671e+00
2024-01-01T00:00:55.063802558Z,3.49960e+00,-3.70760e+00,-1.81932e-01,5.10162e+00
2024-01-01T00:00:55.126303480Z,3.54005e+00,-3.71560e+00,-1.97193e-01,5.13581e+00
2024-01-01T00:00:55.188804402Z,3.52140e+00,-3.70467e+00,-2.06795e-01,5.11543e+00
2024-01-01T00:00:55.251305324Z,3.52402e+00,-3.68010e+00,-2.04599e-01,5.09938e+00
2024-01-01T00:00:55.313806245Z,3.52927e+00,-3.69929e+00,-2.06634e-01,5.11695e+00
2024-01-01T00:00:55.376307167Z,3.54148e+00,-3.70413e+00,-2.11081e-01,5.12906e+00
2024-01-01T00:00:55.438808089Z,3.54960e+00,-3.70701e+00,-2.09234e-01,5.13667e+00
2024-01-01T00:00:55.501309011Z,3.54993e+00,-3.71018e+00,-2.29055e-01,5.14004e+00
2024-01-01T00:00:55.563809933Z,3.54494e+00,-3.71093e+00,-2.59625e-01,5.13858e+00
2024-01-01T00:00:55.626310855Z,3.51052e+00,-3.71454e+00,-2.36106e-01,5.11637e+00
2024-01-01T00:00:55.688811777Z,3.52311e+00,-3.69992e+00,-2.58678e-01,5.11553e+00
2024-01-01T00:00:55.751312698Z,3.51085e+00,-3.71474e+00,-2.64668e-01,5.11815e+00
2024-01-01T00:00:55.813813620Z,3.50314e+00,-3.72823e+00,-2.53821e-01,5.12212e+00
2024-01-01T00:00:55.876314542Z,3.49635e+00,-3.70721e+00,-2.25950e-01,5.10088e+00
2024-01-01T00:00:55.938815464Z,3.50023e+00,-3.71164e+00,-2.41966e-01,5.10749e+00
2024-01-01T00:00:56.001316386Z,3.50411e+00,-3.70985e+00,-2.22769e-01,5.10798e+00
2024-01-01T00:00:56.063817308Z,3.49414e+00,-3.70416e+00,-2.14847e-01,5.09666e+00
2024-01-01T00:00:56.126318230Z,3.50396e+00,-3.69998e+00,-2.05066e-01,5.09996e+00
2024-01-01T00:00:56.188819151Z,3.51920e+00,-3.71186e+00,-1.93564e-01,5.11860e+00
2024-01-01T00:00:56.251320073Z,3.51986e+00,-3.71628e+00,-1.90285e-01,5.12214e+00
2024-01-01T00:00:56.313820995Z,3.53776e+00,-3.73097e+00,-2.01063e-01,5.14552e+00
2024-01-01T00:00:56.376321917Z,3.53905e+00,-3.71886e+00,-2.08926e-01,5.13794e+00
2024-01-01T00:00:56.438822839Z,3.53683e+00,-3.70619e+00,-2.26662e-01,5.12800e+00
2024-01-01T00:00:56.501323761Z,3.51745e+00,-3.71331e+00,-2.33326e-01,5.12011e+00
2024-01-01T00:00:56.563824683Z,3.51042e+00,-3.71161e+00,-2.40725e-01,5.11439e+00
2024-01-01T00:00:56.626325605Z,3.51808e+00,-3.72410e+00,-2.41887e-01,5.12878e+00
2024-01-01T00:00:56.688826526Z,3.52394e+00,-3.72926e+00,-2.40956e-01,5.13650e+00
2024-01-01T00:00:56.751327448Z,3.49993e+00,-3.72310e+00,-2.40405e-01,5.11554e+00
2024-01-01T00:00:56.813828370Z,3.50094e+00,-3.70685e+00,-2.22181e-01,5.10360e+00
2024-01-01T00:00:56.876329292Z,3.48579e+00,-3.70319e+00,-2.07063e-01,5.08991e+00
2024-01-01T00:00:56.938830214Z,3.49153e+00,-3.70471e+00,-1.99138e-01,5.09463e+00
2024-01-01T00:00:57.001331136Z,3.50012e+00,-3.70527e+00,-1.64217e-01,5.09969e+00
2024-01-01T00:00:57.063832058Z,3.51100e+00,-3.71045e+00,-1.51548e-01,5.11054e+00
2024-01-01T00:00:57.126332979Z,3.51686e+00,-3.70870e+00,-1.67812e-01,5.11380e+00
2024-01-01T00:00:57.188833901Z,3.51476e+00,-3.70333e+00,-2.08817e-01,5.10997e+00
2024-01-01T00:00:57.251334823Z,3.52449e+00,-3.70593e+00,-2.49442e-01,5.12037e+00
2024-01-01T00:00:57.313835745Z,3.53561e+00,-3.73409e+00,-2.55854e-01,5.14873e+00
2024-01-01T00:00:57.376336667Z,3.52313e+00,-3.72687e+00,-2.41015e-01,5.13420e+00
2024-01-01T00:00:57.438837589Z,3.51915e+00,-3.73229e+00,-2.67852e-01,5.13675e+00
2024-01-01T00:00:57.501338511Z,3.53886e+00,-3.72592e+00,-2.82924e-01,5.14646e+00
2024-01-01T00:00:57.563839433Z,3.53148e+00,-3.72670e+00,-2.67374e-01,5.14112e+00
2024-01-01T00:00:57.626340354Z,3.53999e+00,-3.70733e+00,-2.68849e-01,5.13305e+00
2024-01-01T00:00:57.688841276Z,3.56656e+00,-3.71464e+00,-3.08398e-01,5.15887e+00
2024-01-01T00:00:57.751342198Z,3.55286e+00,-3.70406e+00,-2.89595e-01,5.14069e+00
2024-01-01T00:00:57.813843120Z,3.54712e+00,-3.68841e+00,-2.99413e-01,5.12602e+00
2024-01-01T00:00:57.876344042Z,3.57260e+00,-3.68297e+00,-3.37976e-01,5.14217e+00
2024-01-01T00:00:57.938844964Z,3.55748e+00,-3.67737e+00,-3.50326e-01,5.12849e+00
2024-01-01T00:00:58.001345886Z,3.57509e+00,-3.65378e+00,-3.66449e-01,5.12501e+00
2024-01-01T00:00:58.063846807Z,3.57370e+00,-3.66019e+00,-3.80497e-01,5.12962e+00
2024-01-01T00:00:58.126347729Z,3.58244e+00,-3.65594e+00,-3.73993e-01,5.13222e+00
2024-01-01T00:00:58.188848651Z,3.60058e+00,-3.65556e+00,-3.71983e-01,5.14448e+00
2024-01-01T00:00:58.251349573Z,3.57982e+00,-3.64893e+00,-3.95226e-01,5.12699e+00
2024-01-01T00:00:58.313850495Z,3.57943e+00,-3.64275e+00,-3.96373e-01,5.12241e+00
2024-01-01T00:00:58.376351417Z,3.57651e+00,-3.63114e+00,-4.14535e-01,5.11356e+00
2024-01-01T00:00:58.438852339Z,3.59156e+00,-3.63336e+00,-4.27512e-01,5.12673e+00
2024-01-01T00:00:58.501353260Z,3.59089e+00,-3.63368e+00,-4.05546e-01,5.12470e+00
2024-01-01T00:00:58.563854182Z,3.60682e+00,-3.64017e+00,-3.87402e-01,5.13907e+00
2024-01-01T00:00:58.626355104Z,3.60185e+00,-3.63265e+00,-3.92453e-01,5.13065e+00
2024-01-01T00:00:58.688856026Z,3.60069e+00,-3.64539e+00,-3.97636e-01,5.13926e+00
2024-01-01T00:00:58.751356948Z,3.61315e+00,-3.65326e+00,-4.01500e-01,5.15387e+00
2024-01-01T00:00:58.813857870Z,3.61781e+00,-3.63395e+00,-4.16169e-01,5.14464e+00
2024-01-01T00:00:58.876358792Z,3.61960e+00,-3.62798e+00,-4.52799e-01,5.14478e+00
2024-01-01T00:00:58.938859714Z,3.61331e+00,-3.62172e+00,-4.63928e-01,5.13694e+00
2024-01-01T00:00:59.001360635Z,3.61619e+00,-3.62133e+00,-4.61412e-01,5.13845e+00
2024-01-01T00:00:59.063861557Z,3.59223e+00,-3.63023e+00,-4.65686e-01,5.12831e+00
2024-01-01T00:00:59.126362479Z,3.60246e+00,-3.61892e+00,-4.85720e-01,5.12935e+00
2024-01-01T00:00:59.188863401Z,3.61289e+00,-3.60249e+00,-4.79649e-01,5.12455e+00
2024-01-01T00:00:59.251364323Z,3.61234e+00,-3.62684e+00,-5.01129e-01,5.14336e+00
2024-01-01T00:00:59.313865245Z,3.60845e+00,-3.61165e+00,-5.09525e-01,5.13075e+00
2024-01-01T00:00:59.376366167Z,3.62655e+00,-3.61250e+00,-5.06829e-01,5.14382e+00
2024-01-01T00:00:59.438867088Z,3.63229e+00,-3.64349e+00,-5.10551e-01,5.17003e+00
2024-01-01T00:00:59.501368010Z,3.62693e+00,-3.64021e+00,-5.21937e-01,5.16509e+00
2024-01-01T00:00:59.563868932Z,3.60691e+00,-3.63160e+00,-5.24663e-01,5.14525e+00
2024-01-01T00:00:59.626369854Z,3.60099e+00,-3.62291e+00,-5.32070e-01,5.13573e+00
2024-01-01T00:00:59.688870776Z,3.59895e+00,-3.60150e+00,-5.80930e-01,5.12452e+00
2024-01-01T00:00:59.751371698Z,3.59811e+00,-3.61275e+00,-5.95607e-01,5.13353e+00
2024-01-01T00:00:59.813872620Z,3.59781e+00,-3.61491e+00,-5.86221e-01,5.13376e+00
2024-01-01T00:00:59.876373541Z,3.58202e+00,-3.59524e+00,-6.02370e-01,5.11072e+00
2024-01-01T00:00:59.938874463Z,3.56685e+00,-3.58664e+00,-6.20566e-01,5.09622e+00
2024-01-01T00:01:00.001375385Z,3.60916e+00,-3.60427e+00,-6.53293e-01,5.14234e+00
2024-01-01T00:01:00.063876307Z,3.61922e+00,-3.59305e+00,-6.87706e-01,5.14603e+00
2024-01-01T00:01:00.126377229Z,3.58579e+00,-3.58938e+00,-6.72010e-01,5.11792e+00
2024-01-01T00:01:00.188878151Z,3.59357e+00,-3.59673e+00,-6.62113e-01,5.12724e+00
2024-01-01T00:01:00.251379073Z,3.58841e+00,-3.63400e+00,-6.70773e-01,5.15098e+00
2024-01-01T00:01:00.313879995Z,3.58913e+00,-3.62282e+00,-6.94837e-01,5.14680e+00
2024-01-01T00:01:00.376380916Z,3.57921e+00,-3.60635e+00,-6.99376e-01,5.12891e+00
2024-01-01T00:01:00.438881838Z,3.57129e+00,-3.58066e+00,-6.89949e-01,5.10404e+00
2024-01-01T00:01:00.501382760Z,3.56922e+00,-3.58543e+00,-6.73743e-01,5.10379e+00
2024-01-01T00:01:00.563883682Z,3.57964e+00,-3.58065e+00,-6.71151e-01,5.10738e+00
2024-01-01T00:01:00.626384604Z,3.59698e+00,-3.57643e+00,-6.36691e-01,5.11219e+00
2024-01-01T00:01:00.688885526Z,3.59603e+00,-3.58820e+00,-6.58817e-01,5.12256e+00
2024-01-01T00:01:00.751386448Z,3.59530e+00,-3.60183e+00,-6.52833e-01,5.13084e+00
2024-01-01T00:01:00.813887369Z,3.60240e+00,-3.60662e+00,-6.64283e-01,5.14065e+00
2024-01-01T00:01:00.876388291Z,3.58174e+00,-3.60420e+00,-6.40446e-01,5.12145e+00
2024-01-01T00:01:00.938889213Z,3.57326e+00,-3.56963e+00,-6.59320e-01,5.09363e+00
2024-01-01T00:01:01.001390135Z,3.57661e+00,-3.58012e+00,-6.87794e-01,5.10710e+00
2024-01-01T00:01:01.063891057Z,3.56371e+00,-3.59884e+00,-6.85499e-01,5.11093e+00
2024-01-01T00:01:01.126391979Z,3.57028e+00,-3.56308e+00,-6.71854e-01,5.08860e+00
2024-01-01T00:01:01.188892901Z,3.57008e+00,-3.55847e+00,-6.70077e-01,5.08499e+00
2024-01-01T00:01:01.251393823Z,3.56741e+00,-3.58344e+00,-6.84378e-01,5.10253e+00
2024-01-01T00:01:01.313894744Z,3.57910e+00,-3.60271e+00,-6.96251e-01,5.12584e+00
2024-01-01T00:01:01.376395666Z,3.57255e+00,-3.57506e+00,-7.04298e-01,5.10296e+00
2024-01-01T00:01:01.438896588Z,3.56012e+00,-3.56792e+00,-6.92081e-01,5.08758e+00
2024-01-01T00:01:01.501397510Z,3.57664e+00,-3.58523e+00,-7.14272e-01,5.11433e+00
2024-01-01T00:01:01.563898432Z,3.57687e+00,-3.56368e+00,-7.16626e-01,5.09974e+00
2024-01-01T00:01:01.626399354Z,3.56272e+00,-3.57242e+00,-7.12515e-01,5.09538e+00
2024-01-01T00:01:01.688900276Z,3.56579e+00,-3.59128e+00,-7.08134e-01,5.11015e+00
2024-01-01T00:01:01.751401197Z,3.55952e+00,-3.57956e+00,-7.32456e-01,5.10097e+00
2024-01-01T00:01:01.813902119Z,3.55921e+00,-3.58695e+00,-7.21924e-01,5.10444e+00
2024-01-01T00:01:01.876403041Z,3.56082e+00,-3.59887e+00,-7.19556e-01,5.11362e+00
2024-01-01T00:01:01.938903963Z,3.56157e+00,-3.58788e+00,-7.32154e-01,5.10820e+00
2024-01-01T00:01:02.001404885Z,3.55861e+00,-3.55713e+00,-7.25427e-01,5.08361e+00
2024-01-01T00:01:02.063905807Z,3.56785e+00,-3.57081e+00,-7.32479e-01,5.10066e+00
2024-01-01T00:01:02.126406729Z,3.57102e+00,-3.57301e+00,-7.34239e-01,5.10467e+00
2024-01-01T00:01:02.188907650Z,3.57933e+00,-3.58869e+00,-7.32274e-01,5.12119e+00
2024-01-01T00:01:02.251408572Z,3.58246e+00,-3.59426e+00,-7.41139e-01,5.12855e+00
2024-01-01T00:01:02.313909494Z,3.57627e+00,-3.58375e+00,-7.31480e-01,5.11547e+00
2024-01-01T00:01:02.376410416Z,3.55240e+00,-3.60403e+00,-7.09310e-01,5.10996e+00
