Scenario,Basis Element,Lattice Point,Result
Negative Dimension Multiplication,"(((((((((((-1, 0), (0, 0)), (0, 0)), (0, 0)), (0, ...",[-1 -1 -1 -1 -1 -1 -1 -1]...,"(array([1, 1, 1, 1, 1, 1, 1, 1]), 0, 0, 0, 0, 0, 0, 0, 0, 0, 0, 0, 0, 0, 0, 0, 0, 0, 0, 0, 0, 0)"
Fractional Dimension Addition,"(((((((((((-1, 0), (0, 0)), (0, 0)), (0, 0)), (0, ...",[-1 -1 -1 -1 -1 -1 -1 -1]...,"(array([-2, -2, -2, -2, -2, -2, -2, -2]), 0, 0, 0, 0, 0, 0, 0, 0, 0, 0, 0, 0, 0, 0, 0, 0, 0, 0, 0, 0, 0)"
Negative Dimension Multiplication,"(((((((((((-1, 0), (0, 0)), (0, 0)), (0, 0)), (0, ...",[-1 -1 -1 -1 -1 -1 -1  1]...,"(array([ 1,  1,  1,  1,  1,  1,  1, -1]), 0, 0, 0, 0, 0, 0, 0, 0, 0, 0, 0, 0, 0, 0, 0, 0, 0, 0, 0, 0, 0)"
Fractional Dimension Addition,"(((((((((((-1, 0), (0, 0)), (0, 0)), (0, 0)), (0, ...",[-1 -1 -1 -1 -1 -1 -1  1]...,"(array([-2, -2, -2, -2, -2, -2, -2,  0]), 0, 0, 0, 0, 0, 0, 0, 0, 0, 0, 0, 0, 0, 0, 0, 0, 0, 0, 0, 0, 0)"
Negative Dimension Multiplication,"(((((((((((-1, 0), (0, 0)), (0, 0)), (0, 0)), (0, ...",[-1 -1 -1 -1 -1 -1  0  0]...,"(array([1, 1, 1, 1, 1, 1, 0, 0]), 0, 0, 0, 0, 0, 0, 0, 0, 0, 0, 0, 0, 0, 0, 0, 0, 0, 0, 0, 0, 0)"
Fractional Dimension Addition,"(((((((((((-1, 0), (0, 0)), (0, 0)), (0, 0)), (0, ...",[-1 -1 -1 -1 -1 -1  0  0]...,"(array([-2, -2, -2, -2, -2, -2, -1, -1]), 0, 0, 0, 0, 0, 0, 0, 0, 0, 0, 0, 0, 0, 0, 0, 0, 0, 0, 0, 0, 0)"
Negative Dimension Multiplication,"((0, 0), ((((((((((-1, 0), (0, 0)), (0, 0)), (0, 0...",[-1 -1 -1 -1 -1 -1 -1 -1]...,"(array([0, 0, 0, 0, 0, 0, 0, 0]), 0, 0, 0, 0, 0, 0, 0, 0, 0, 0, 0, 0, 0, 0, 0, 0, 0, 0, 0, 0, 0)"
Fractional Dimension Addition,"((0, 0), ((((((((((-1, 0), (0, 0)), (0, 0)), (0, 0...",[-1 -1 -1 -1 -1 -1 -1 -1]...,"(array([-1, -1, -1, -1, -1, -1, -1, -1]), 0, -1, 0, 0, 0, 0, 0, 0, 0, 0, 0, 0, 0, 0, 0, 0, 0, 0, 0, 0, 0)"
Negative Dimension Multiplication,"((0, 0), ((((((((((-1, 0), (0, 0)), (0, 0)), (0, 0...",[-1 -1 -1 -1 -1 -1 -1  1]...,"(array([0, 0, 0, 0, 0, 0, 0, 0]), 0, 0, 0, 0, 0, 0, 0, 0, 0, 0, 0, 0, 0, 0, 0, 0, 0, 0, 0, 0, 0)"
Fractional Dimension Addition,"((0, 0), ((((((((((-1, 0), (0, 0)), (0, 0)), (0, 0...",[-1 -1 -1 -1 -1 -1 -1  1]...,"(array([-1, -1, -1, -1, -1, -1, -1,  1]), 0, -1, 0, 0, 0, 0, 0, 0, 0, 0, 0, 0, 0, 0, 0, 0, 0, 0, 0, 0, 0)"
Negative Dimension Multiplication,"((0, 0), ((((((((((-1, 0), (0, 0)), (0, 0)), (0, 0...",[-1 -1 -1 -1 -1 -1  0  0]...,"(array([0, 0, 0, 0, 0, 0, 0, 0]), 0, 0, 0, 0, 0, 0, 0, 0, 0, 0, 0, 0, 0, 0, 0, 0, 0, 0, 0, 0, 0)"
Fractional Dimension Addition,"((0, 0), ((((((((((-1, 0), (0, 0)), (0, 0)), (0, 0...",[-1 -1 -1 -1 -1 -1  0  0]...,"(array([-1, -1, -1, -1, -1, -1,  0,  0]), 0, -1, 0, 0, 0, 0, 0, 0, 0, 0, 0, 0, 0, 0, 0, 0, 0, 0, 0, 0, 0)"
Negative Dimension Multiplication,"(((0, 0), (((((((((-1, 0), (0, 0)), (0, 0)), (0, 0...",[-1 -1 -1 -1 -1 -1 -1 -1]...,"(array([0, 0, 0, 0, 0, 0, 0, 0]), 0, 0, 0, 0, 0, 0, 0, 0, 0, 0, 0, 0, 0, 0, 0, 0, 0, 0, 0, 0, 0)"
Fractional Dimension Addition,"(((0, 0), (((((((((-1, 0), (0, 0)), (0, 0)), (0, 0...",[-1 -1 -1 -1 -1 -1 -1 -1]...,"(array([-1, -1, -1, -1, -1, -1, -1, -1]), 0, -1, 0, 0, 0, 0, 0, 0, 0, 0, 0, 0, 0, 0, 0, 0, 0, 0, 0, 0, 0)"
Negative Dimension Multiplication,"(((0, 0), (((((((((-1, 0), (0, 0)), (0, 0)), (0, 0...",[-1 -1 -1 -1 -1 -1 -1  1]...,"(array([0, 0, 0, 0, 0, 0, 0, 0]), 0, 0, 0, 0, 0, 0, 0, 0, 0, 0, 0, 0, 0, 0, 0, 0, 0, 0, 0, 0, 0)"
Fractional Dimension Addition,"(((0, 0), (((((((((-1, 0), (0, 0)), (0, 0)), (0, 0...",[-1 -1 -1 -1 -1 -1 -1  1]...,"(array([-1, -1, -1, -1, -1, -1, -1,  1]), 0, -1, 0, 0, 0, 0, 0, 0, 0, 0, 0, 0, 0, 0, 0, 0, 0, 0, 0, 0, 0)"
Negative Dimension Multiplication,"(((0, 0), (((((((((-1, 0), (0, 0)), (0, 0)), (0, 0...",[-1 -1 -1 -1 -1 -1  0  0]...,"(array([0, 0, 0, 0, 0, 0, 0, 0]), 0, 0, 0, 0, 0, 0, 0, 0, 0, 0, 0, 0, 0, 0, 0, 0, 0, 0, 0, 0, 0)"
Fractional Dimension Addition,"(((0, 0), (((((((((-1, 0), (0, 0)), (0, 0)), (0, 0...",[-1 -1 -1 -1 -1 -1  0  0]...,"(array([-1, -1, -1, -1, -1, -1,  0,  0]), 0, -1, 0, 0, 0, 0, 0, 0, 0, 0, 0, 0, 0, 0, 0, 0, 0, 0, 0, 0, 0)"
